origin_place_id,destination_place_id,duration_text,duration_value,distance_text,distance_value
ChIJ3VvNauyp9YgRRXlKemiVy2M,ChIJyRb7_u-n9YgRaFRK94xpvAo,57 mins,3422,8.2 mi,13153
ChIJ4eCNIKgF9YgReOZ6JpQafwc,ChIJyRb7_u-n9YgRaFRK94xpvAo,1 hour 24 mins,5027,18.8 mi,30268
ChIJKzR9b6gF9YgRjjr51xqT-Js,ChIJyRb7_u-n9YgRaFRK94xpvAo,1 hour 20 mins,4771,18.6 mi,29945
ChIJO9W-D6gF9YgR_3x7d31Ib_A,ChIJyRb7_u-n9YgRaFRK94xpvAo,1 hour 21 mins,4874,18.7 mi,30059
ChIJ--OyBKgF9YgRCbPZqzRI6NQ,ChIJyRb7_u-n9YgRaFRK94xpvAo,1 hour 22 mins,4902,18.7 mi,30096
ChIJpardO7ip9YgRt7TWKO3wDCk,ChIJyRb7_u-n9YgRaFRK94xpvAo,44 mins,2659,7.1 mi,11410
ChIJs0_Es7ip9YgR8dlA0ZjY-Rk,ChIJyRb7_u-n9YgRaFRK94xpvAo,48 mins,2859,7.2 mi,11586
ChIJWfvt5QcF9YgRvBaszKADxKI,ChIJyRb7_u-n9YgRaFRK94xpvAo,1 hour 25 mins,5074,18.8 mi,30333
ChIJ5Ro5bQ6e9YgRDUDIZB2WGg0,ChIJyRb7_u-n9YgRaFRK94xpvAo,2 hours 30 mins,9006,34.8 mi,55996
ChIJhUbr3Y119YgREZg9CgP3iRY,ChIJyRb7_u-n9YgRaFRK94xpvAo,2 hours 20 mins,8429,34.5 mi,55552
ChIJiQhCrwSe9YgRmI-9d1C2RHU,ChIJyRb7_u-n9YgRaFRK94xpvAo,2 hours 8 mins,7689,39.0 mi,62813
ChIJj63rRwGe9YgRexIL7p0z-sc,ChIJyRb7_u-n9YgRaFRK94xpvAo,2 hours 36 mins,9339,35.0 mi,56372
ChIJmzETCLud9YgRpV7UrpYXw1U,ChIJyRb7_u-n9YgRaFRK94xpvAo,NA,NA,NA,NA
ChIJqWc9Lwye9YgRO0WKgqnFz4k,ChIJyRb7_u-n9YgRaFRK94xpvAo,2 hours 32 mins,9106,34.9 mi,56129
ChIJT6MrBwSe9YgRpaSUcUUPMnk,ChIJyRb7_u-n9YgRaFRK94xpvAo,2 hours 33 mins,9186,34.9 mi,56175
ChIJxYHazXSe9YgR2kuCeV_y9NE,ChIJyRb7_u-n9YgRaFRK94xpvAo,2 hours 42 mins,9708,35.1 mi,56463
ChIJYcl2oEh09YgRMKVm6G6TRsA,ChIJyRb7_u-n9YgRaFRK94xpvAo,NA,NA,NA,NA
ChIJyUc3fgOe9YgRrt5ZRQZZHbs,ChIJyRb7_u-n9YgRaFRK94xpvAo,2 hours 8 mins,7687,39.0 mi,62810
ChIJ02Ft5jCe9YgRJ5fE48NS7Oo,ChIJyRb7_u-n9YgRaFRK94xpvAo,1 hour 52 mins,6691,35.6 mi,57273
ChIJ1dczIqN19YgRN9ExB_Acbro,ChIJyRb7_u-n9YgRaFRK94xpvAo,2 hours 22 mins,8544,39.4 mi,63488
ChIJ624uq0ye9YgRygLOfX1hA5M,ChIJyRb7_u-n9YgRaFRK94xpvAo,2 hours 3 mins,7391,36.6 mi,58829
ChIJAexdECac9YgRBjcRbxHjtIA,ChIJyRb7_u-n9YgRaFRK94xpvAo,NA,NA,NA,NA
ChIJERvQNiuc9YgRXw-LfVK4AVM,ChIJyRb7_u-n9YgRaFRK94xpvAo,2 hours 25 mins,8680,39.6 mi,63678
ChIJG_RqRwGe9YgRZNK7u15DvM0,ChIJyRb7_u-n9YgRaFRK94xpvAo,2 hours 35 mins,9321,35.0 mi,56349
ChIJI1VThayf9YgREuaUiC5rqV8,ChIJyRb7_u-n9YgRaFRK94xpvAo,2 hours 9 mins,7744,37.0 mi,59495
ChIJJQhWkU2e9YgRtqAUpuwEuTg,ChIJyRb7_u-n9YgRaFRK94xpvAo,2 hours 4 mins,7421,32.6 mi,52541
ChIJl9FLeNuf9YgRSeJsO4m_94o,ChIJyRb7_u-n9YgRaFRK94xpvAo,2 hours 3 mins,7384,34.8 mi,55965
ChIJlRLzA-Ge9YgROEVJS7PLTKw,ChIJyRb7_u-n9YgRaFRK94xpvAo,NA,NA,NA,NA
ChIJn_u0sGWe9YgRM_CJq8G0Zf0,ChIJyRb7_u-n9YgRaFRK94xpvAo,2 hours 29 mins,8928,34.4 mi,55403
ChIJP3rG1TOe9YgRXYbPy_mXHGs,ChIJyRb7_u-n9YgRaFRK94xpvAo,1 hour 55 mins,6912,35.5 mi,57110
ChIJR1f1zC-e9YgR7XFU_WKzr1E,ChIJyRb7_u-n9YgRaFRK94xpvAo,1 hour 54 mins,6856,35.7 mi,57434
ChIJv3TJgmSe9YgRvVViSuknj1k,ChIJyRb7_u-n9YgRaFRK94xpvAo,2 hours 5 mins,7527,38.8 mi,62493
ChIJ8c2PDBp19YgRdPy71TKzZ_A,ChIJyRb7_u-n9YgRaFRK94xpvAo,2 hours 30 mins,8999,30.8 mi,49507
ChIJBWjd_rh09YgRxEnrNghGEMk,ChIJyRb7_u-n9YgRaFRK94xpvAo,2 hours 5 mins,7521,33.0 mi,53155
ChIJC6O7koR19YgRiemIX9HRIUg,ChIJyRb7_u-n9YgRaFRK94xpvAo,2 hours 16 mins,8139,32.0 mi,51477
ChIJdxVeq-md9YgRIWAFmhbb420,ChIJyRb7_u-n9YgRaFRK94xpvAo,1 hour 54 mins,6840,32.2 mi,51799
ChIJfbs8cNJ09YgRD7itvBWvRO4,ChIJyRb7_u-n9YgRaFRK94xpvAo,2 hours 18 mins,8291,26.5 mi,42688
ChIJH_Guou109YgRyFBvowRi5mc,ChIJyRb7_u-n9YgRaFRK94xpvAo,2 hours 15 mins,8079,28.7 mi,46142
ChIJJSJfzGV19YgRrg7WKSIJDCQ,ChIJyRb7_u-n9YgRaFRK94xpvAo,1 hour 46 mins,6387,33.4 mi,53693
ChIJl3NnY0509YgRgLyC9kYBcbg,ChIJyRb7_u-n9YgRaFRK94xpvAo,2 hours 56 mins,10576,31.3 mi,50312
ChIJleYUZtV09YgRUWpcNn08mbM,ChIJyRb7_u-n9YgRaFRK94xpvAo,2 hours 7 mins,7636,28.9 mi,46589
ChIJLW0X3sl09YgRkgcpZGE0KzE,ChIJyRb7_u-n9YgRaFRK94xpvAo,1 hour 51 mins,6666,25.9 mi,41671
ChIJM0mLkst09YgREGddryPgnN0,ChIJyRb7_u-n9YgRaFRK94xpvAo,2 hours 6 mins,7563,26.1 mi,42019
ChIJM6SapPF09YgR2rpKILS8re0,ChIJyRb7_u-n9YgRaFRK94xpvAo,2 hours 10 mins,7779,28.7 mi,46129
ChIJMTHLfct09YgRfn6DcfSHP70,ChIJyRb7_u-n9YgRaFRK94xpvAo,2 hours 3 mins,7359,25.8 mi,41467
ChIJn-riP8109YgRxWtKzrpmvDE,ChIJyRb7_u-n9YgRaFRK94xpvAo,NA,NA,NA,NA
ChIJozDXFmp19YgRLWYW9HVVxPU,ChIJyRb7_u-n9YgRaFRK94xpvAo,1 hour 54 mins,6835,33.6 mi,54097
ChIJq-enVcp09YgRkwiM3M36MDQ,ChIJyRb7_u-n9YgRaFRK94xpvAo,2 hours 4 mins,7429,25.8 mi,41556
ChIJqy3ke4V19YgRJsLbTVG6xfE,ChIJyRb7_u-n9YgRaFRK94xpvAo,2 hours 7 mins,7641,32.6 mi,52503
ChIJu8rplSZ19YgRp_yii3fhMJo,ChIJyRb7_u-n9YgRaFRK94xpvAo,1 hour 46 mins,6388,27.5 mi,44325
ChIJuS4zmk109YgR3kB_eZ-ym2c,ChIJyRb7_u-n9YgRaFRK94xpvAo,2 hours 37 mins,9406,32.2 mi,51824
ChIJYZAGCDUL9YgRejrgxEBW_SA,ChIJyRb7_u-n9YgRaFRK94xpvAo,2 hours 6 mins,7562,25.9 mi,41641
ChIJYZAGCDUL9YgRJ2IyA4Yh8OA,ChIJyRb7_u-n9YgRaFRK94xpvAo,2 hours 6 mins,7562,25.9 mi,41641
ChIJzWCCU5519YgR2cPQTK56te0,ChIJyRb7_u-n9YgRaFRK94xpvAo,2 hours 9 mins,7755,34.3 mi,55274
ChIJ245QrLSp9YgR4weyIAYOZ64,ChIJyRb7_u-n9YgRaFRK94xpvAo,34 mins,2019,5.6 mi,9002
ChIJ5-AHvGCo9YgRV8ObJqm_e60,ChIJyRb7_u-n9YgRaFRK94xpvAo,56 mins,3333,5.6 mi,8957
ChIJafeYIVyo9YgRozwmlML3ZE4,ChIJyRb7_u-n9YgRaFRK94xpvAo,34 mins,2011,4.8 mi,7663
ChIJCRcfHkGo9YgRjUQ7FrXZiY8,ChIJyRb7_u-n9YgRaFRK94xpvAo,19 mins,1127,3.7 mi,5987
ChIJcTTgrGOo9YgR31qyG8hBk7M,ChIJyRb7_u-n9YgRaFRK94xpvAo,56 mins,3355,5.6 mi,8992
ChIJFekbDIqo9YgRvu8uChNGn-A,ChIJyRb7_u-n9YgRaFRK94xpvAo,52 mins,3137,5.4 mi,8727
ChIJG3D-QVOo9YgRJcXHXTfFmMc,ChIJyRb7_u-n9YgRaFRK94xpvAo,30 mins,1773,5.3 mi,8586
ChIJGbRm-Eyo9YgRyQcdKJa5f4A,ChIJyRb7_u-n9YgRaFRK94xpvAo,32 mins,1918,5.1 mi,8256
ChIJh0vgdEuo9YgR7BFDw5-drwY,ChIJyRb7_u-n9YgRaFRK94xpvAo,37 mins,2237,5.2 mi,8392
ChIJk3pfBFWo9YgR8CjpnqL0Jns,ChIJyRb7_u-n9YgRaFRK94xpvAo,37 mins,2246,5.9 mi,9427
ChIJK5uMUkuo9YgRIGWro3TJh78,ChIJyRb7_u-n9YgRaFRK94xpvAo,34 mins,2060,5.6 mi,9062
ChIJLZv5mkCo9YgRY7EvmFPoS8I,ChIJyRb7_u-n9YgRaFRK94xpvAo,24 mins,1453,4.0 mi,6392
ChIJn48fS0Ko9YgRHy01615SIbI,ChIJyRb7_u-n9YgRaFRK94xpvAo,21 mins,1277,3.8 mi,6168
ChIJQWHiKjao9YgR5xBigaQlE0c,ChIJyRb7_u-n9YgRaFRK94xpvAo,30 mins,1786,5.0 mi,8005
ChIJQwol72eo9YgRtFX2_nxi7Ho,ChIJyRb7_u-n9YgRaFRK94xpvAo,56 mins,3375,5.6 mi,9039
ChIJrRraVLSp9YgRHbgd9w9AcnE,ChIJyRb7_u-n9YgRaFRK94xpvAo,46 mins,2751,7.0 mi,11256
ChIJRZ6AvIqo9YgRRuaMWUxbeuc,ChIJyRb7_u-n9YgRaFRK94xpvAo,52 mins,3136,5.7 mi,9132
ChIJT6uHsEKo9YgRGBAibzsZ8RA,ChIJyRb7_u-n9YgRaFRK94xpvAo,45 mins,2709,5.1 mi,8169
ChIJYf0f_1yo9YgRNLYDnxPNTzg,ChIJyRb7_u-n9YgRaFRK94xpvAo,32 mins,1891,4.7 mi,7503
ChIJYy3nY0ao9YgRVUwmYft5JdM,ChIJyRb7_u-n9YgRaFRK94xpvAo,25 mins,1498,4.5 mi,7178
ChIJ6ZTOM42f9YgRsb1LLugBOdI,ChIJyRb7_u-n9YgRaFRK94xpvAo,NA,NA,NA,NA
ChIJ9wg-Lp0K9YgR3UjyvXkv2Zc,ChIJyRb7_u-n9YgRaFRK94xpvAo,NA,NA,NA,NA
ChIJaSd81aIK9YgRUPKCIA3c-Z4,ChIJyRb7_u-n9YgRaFRK94xpvAo,NA,NA,NA,NA
ChIJDQvdMZoK9YgRJR2_0n-ndPo,ChIJyRb7_u-n9YgRaFRK94xpvAo,NA,NA,NA,NA
ChIJl5kh4JkK9YgRIJqvMzE8tdA,ChIJyRb7_u-n9YgRaFRK94xpvAo,NA,NA,NA,NA
ChIJM-NpkKQK9YgRitxPRigE7J8,ChIJyRb7_u-n9YgRaFRK94xpvAo,NA,NA,NA,NA
ChIJq4rR_aIK9YgR7ZOonDyX1fE,ChIJyRb7_u-n9YgRaFRK94xpvAo,NA,NA,NA,NA
ChIJF3h_2Aef9YgRjdBZ-3VdMRI,ChIJyRb7_u-n9YgRaFRK94xpvAo,2 hours 20 mins,8376,33.4 mi,53823
ChIJfcG7ewyf9YgRWLlGv8dgGhQ,ChIJyRb7_u-n9YgRaFRK94xpvAo,NA,NA,NA,NA
ChIJj8l0hVef9YgRFtYLUehRjls,ChIJyRb7_u-n9YgRaFRK94xpvAo,2 hours 8 mins,7663,20.2 mi,32452
ChIJsU6yStCY9YgRglIiWB7wqFI,ChIJyRb7_u-n9YgRaFRK94xpvAo,2 hours 2 mins,7333,22.3 mi,35861
ChIJ90P-WT8H9YgRsybiTyvFDbE,ChIJyRb7_u-n9YgRaFRK94xpvAo,1 hour 1 min,3683,8.8 mi,14116
ChIJaSVEYDwH9YgRDTCZj0SY0Es,ChIJyRb7_u-n9YgRaFRK94xpvAo,1 hour 5 mins,3918,11.5 mi,18435
ChIJaz-L8EAH9YgRKa93kzN4DEA,ChIJyRb7_u-n9YgRaFRK94xpvAo,1 hour 1 min,3682,10.6 mi,17047
ChIJbYcgZl4H9YgRp1yW-gPbt88,ChIJyRb7_u-n9YgRaFRK94xpvAo,57 mins,3402,10.3 mi,16514
ChIJC7SajiwH9YgR28YZid8i96U,ChIJyRb7_u-n9YgRaFRK94xpvAo,1 hour 26 mins,5172,10.9 mi,17605
ChIJex7Z0lwH9YgRIOb4yKt-6mg,ChIJyRb7_u-n9YgRaFRK94xpvAo,57 mins,3421,10.3 mi,16504
ChIJG8CqkHIH9YgRQVNiKQP_6Bg,ChIJyRb7_u-n9YgRaFRK94xpvAo,56 mins,3361,9.4 mi,15061
ChIJIckZFRYH9YgRag7I20JEdB4,ChIJyRb7_u-n9YgRaFRK94xpvAo,1 hour 12 mins,4339,11.0 mi,17716
ChIJKWUK5T4H9YgRT4lBNtHWsmI,ChIJyRb7_u-n9YgRaFRK94xpvAo,1 hour 1 min,3685,11.3 mi,18150
ChIJL3ZaEhAH9YgRDqzD_R30RcU,ChIJyRb7_u-n9YgRaFRK94xpvAo,1 hour 9 mins,4138,10.2 mi,16456
ChIJM7MKJiQH9YgRJsNBMBAdXJ4,ChIJyRb7_u-n9YgRaFRK94xpvAo,1 hour 13 mins,4388,12.8 mi,20668
ChIJPyqrZHwH9YgRMXW7VWl0aL0,ChIJyRb7_u-n9YgRaFRK94xpvAo,50 mins,3004,8.8 mi,14154
ChIJqcnaWiMH9YgRF8KU9N5rTsM,ChIJyRb7_u-n9YgRaFRK94xpvAo,1 hour 10 mins,4173,11.7 mi,18784
ChIJU7sSQT0H9YgRX1ZdbHHEr2o,ChIJyRb7_u-n9YgRaFRK94xpvAo,1 hour 5 mins,3928,11.5 mi,18457
ChIJUy3mYWYH9YgRhCY91RbAGUU,ChIJyRb7_u-n9YgRaFRK94xpvAo,50 mins,2982,9.7 mi,15662
ChIJx0uVjRoH9YgRDT2q_bhZIQM,ChIJyRb7_u-n9YgRaFRK94xpvAo,1 hour 7 mins,4011,15.9 mi,25536
ChIJx2ue4mQH9YgRoVRZKa48-Tw,ChIJyRb7_u-n9YgRaFRK94xpvAo,55 mins,3322,9.5 mi,15246
ChIJy4_bVXIH9YgRgUhCVS2N2PM,ChIJyRb7_u-n9YgRaFRK94xpvAo,54 mins,3222,9.3 mi,14895
ChIJ4yH9sIQA9YgRjYxitSZ5DTg,ChIJyRb7_u-n9YgRaFRK94xpvAo,1 hour 24 mins,5066,13.3 mi,21363
ChIJ6-VLQ5qp9YgRqLd_dXWUUoU,ChIJyRb7_u-n9YgRaFRK94xpvAo,1 hour 12 mins,4349,8.2 mi,13159
ChIJ6YhRHpqp9YgRZaheguNZqvc,ChIJyRb7_u-n9YgRaFRK94xpvAo,1 hour 3 mins,3769,9.1 mi,14581
ChIJ9W_q5IIA9YgRGXl7SzmYAKo,ChIJyRb7_u-n9YgRaFRK94xpvAo,1 hour 30 mins,5394,13.6 mi,21890
ChIJawGa8O2p9YgRudHk1H_URzY,ChIJyRb7_u-n9YgRaFRK94xpvAo,1 hour 1 min,3681,7.9 mi,12748
ChIJaX1HTISp9YgRkZn33Z2aGvI,ChIJyRb7_u-n9YgRaFRK94xpvAo,1 hour 14 mins,4455,9.3 mi,15019
ChIJc6fHSvUA9YgRLFGdwM8T2NM,ChIJyRb7_u-n9YgRaFRK94xpvAo,1 hour 49 mins,6526,28.0 mi,45052
ChIJF1snEfCp9YgRn12OmCRDMMo,ChIJyRb7_u-n9YgRaFRK94xpvAo,58 mins,3500,8.6 mi,13914
ChIJF8I7-jOq9YgRjgmYYcYTfBE,ChIJyRb7_u-n9YgRaFRK94xpvAo,1 hour 26 mins,5131,13.2 mi,21284
ChIJGRg2kYip9YgRtwLIs7zxvAU,ChIJyRb7_u-n9YgRaFRK94xpvAo,1 hour 10 mins,4212,9.3 mi,14957
ChIJiU_cnRGq9YgRw-RRf4jLT2Y,ChIJyRb7_u-n9YgRaFRK94xpvAo,1 hour 20 mins,4790,14.3 mi,23075
ChIJK44PoPGp9YgRaR05igb0h04,ChIJyRb7_u-n9YgRaFRK94xpvAo,1 hour 2 mins,3737,8.8 mi,14235
ChIJmVkaQpcA9YgRhlIlB8xPvSQ,ChIJyRb7_u-n9YgRaFRK94xpvAo,1 hour 22 mins,4904,12.7 mi,20441
ChIJoQRIL_UA9YgR-wDhAi5USQo,ChIJyRb7_u-n9YgRaFRK94xpvAo,1 hour 49 mins,6526,28.0 mi,45052
ChIJPVq7WIQA9YgRwzGJ4qWvKb4,ChIJyRb7_u-n9YgRaFRK94xpvAo,1 hour 26 mins,5179,13.5 mi,21657
ChIJxUEYNBaq9YgRMfl-zEnGAjQ,ChIJyRb7_u-n9YgRaFRK94xpvAo,1 hour 17 mins,4647,14.2 mi,22867
ChIJyfqen4Cq9YgRKKTtlgKVQAk,ChIJyRb7_u-n9YgRaFRK94xpvAo,1 hour 30 mins,5424,17.0 mi,27391
ChIJyQ_tzhCq9YgR1iwV9g0hC8s,ChIJyRb7_u-n9YgRaFRK94xpvAo,1 hour 16 mins,4589,13.9 mi,22316
ChIJz0PsnJSp9YgRmKa6_4kxzug,ChIJyRb7_u-n9YgRaFRK94xpvAo,55 mins,3325,7.6 mi,12207
ChIJzQKffYYA9YgRM4WaW93hsTw,ChIJyRb7_u-n9YgRaFRK94xpvAo,1 hour 33 mins,5605,13.9 mi,22423
ChIJ1w6V2nkH9YgRfoyeut2NnnM,ChIJyRb7_u-n9YgRaFRK94xpvAo,44 mins,2656,8.7 mi,13928
ChIJ7Zcclq8H9YgRXBNEXSD5W4k,ChIJyRb7_u-n9YgRaFRK94xpvAo,41 mins,2489,5.3 mi,8503
ChIJ89lsRhWo9YgR1WXZIWMvsvo,ChIJyRb7_u-n9YgRaFRK94xpvAo,21 mins,1273,3.3 mi,5275
ChIJbbApdyio9YgRDbu_pwV5Ooc,ChIJyRb7_u-n9YgRaFRK94xpvAo,51 mins,3049,7.2 mi,11587
ChIJD_T9DpgH9YgRdHDgyLLY9zM,ChIJyRb7_u-n9YgRaFRK94xpvAo,1 hour 0 mins,3594,6.4 mi,10324
ChIJf2yMEIoH9YgR7r85CHaUjpY,ChIJyRb7_u-n9YgRaFRK94xpvAo,49 mins,2944,4.4 mi,7060
ChIJn-ghT3gH9YgRQKq0GL07JH4,ChIJyRb7_u-n9YgRaFRK94xpvAo,49 mins,2964,8.8 mi,14102
ChIJnZZRu9Sp9YgRItEbYRwj39Q,ChIJyRb7_u-n9YgRaFRK94xpvAo,49 mins,2944,8.2 mi,13166
ChIJPwNYuq0H9YgRb8pixsQ3RdE,ChIJyRb7_u-n9YgRaFRK94xpvAo,38 mins,2298,5.6 mi,8942
ChIJrXBoviio9YgRE347JP3qHF4,ChIJyRb7_u-n9YgRaFRK94xpvAo,50 mins,2987,7.2 mi,11511
ChIJt4E28ngH9YgRJ2LeI5b8fYg,ChIJyRb7_u-n9YgRaFRK94xpvAo,47 mins,2811,8.6 mi,13884
ChIJV-GI4ngH9YgR7zedQikuyLg,ChIJyRb7_u-n9YgRaFRK94xpvAo,45 mins,2694,8.5 mi,13727
ChIJXzqoLCWo9YgRv4f5If_oT-E,ChIJyRb7_u-n9YgRaFRK94xpvAo,54 mins,3267,6.5 mi,10386
ChIJyzU0cCyo9YgRTqcvkkABtW4,ChIJyRb7_u-n9YgRaFRK94xpvAo,48 mins,2883,6.6 mi,10665
ChIJ49vEyoWq9YgRGSkkj02BzgY,ChIJyRb7_u-n9YgRaFRK94xpvAo,1 hour 42 mins,6139,18.6 mi,29975
ChIJ74fuqHgA9YgR2ACJfAsur4Q,ChIJyRb7_u-n9YgRaFRK94xpvAo,1 hour 36 mins,5769,14.8 mi,23871
ChIJa6STnSMH9YgRwgOpjJSQPUU,ChIJyRb7_u-n9YgRaFRK94xpvAo,2 hours 40 mins,9614,23.2 mi,37335
ChIJadgm7oWq9YgRABV6tBaZcyE,ChIJyRb7_u-n9YgRaFRK94xpvAo,1 hour 45 mins,6290,18.7 mi,30126
ChIJFa7Uypqq9YgRmukoCJ-KNRo,ChIJyRb7_u-n9YgRaFRK94xpvAo,1 hour 26 mins,5152,17.8 mi,28723
ChIJGbQZOUIA9YgRs9dfSJer0Qk,ChIJyRb7_u-n9YgRaFRK94xpvAo,1 hour 34 mins,5632,15.7 mi,25346
ChIJHeKa456r9YgR1wwtRMy__HI,ChIJyRb7_u-n9YgRaFRK94xpvAo,1 hour 21 mins,4845,15.3 mi,24646
ChIJi3vE83sA9YgRxNR08_wln74,ChIJyRb7_u-n9YgRaFRK94xpvAo,1 hour 43 mins,6179,17.8 mi,28692
ChIJjeoI8Waq9YgR-Q4Mr3jWaiE,ChIJyRb7_u-n9YgRaFRK94xpvAo,1 hour 18 mins,4665,15.9 mi,25522
ChIJKboj15yq9YgRgH03djynPxQ,ChIJyRb7_u-n9YgRaFRK94xpvAo,1 hour 31 mins,5465,18.1 mi,29117
ChIJM-QEOYWq9YgR9kTgczjh6dk,ChIJyRb7_u-n9YgRaFRK94xpvAo,1 hour 32 mins,5518,18.2 mi,29217
ChIJp-v_dJGq9YgRm9umWDk5D7k,ChIJyRb7_u-n9YgRaFRK94xpvAo,1 hour 22 mins,4920,17.4 mi,28059
ChIJpzUb_aar9YgRfDmreg5swfY,ChIJyRb7_u-n9YgRaFRK94xpvAo,1 hour 36 mins,5777,15.2 mi,24517
ChIJxejRMPQA9YgRA73Qq7psSf0,ChIJyRb7_u-n9YgRaFRK94xpvAo,1 hour 49 mins,6526,28.0 mi,45052
ChIJYTruAXyq9YgR44JjT0ICAkU,ChIJyRb7_u-n9YgRaFRK94xpvAo,1 hour 39 mins,5955,14.4 mi,23219
ChIJ4wfekyqq9YgRQ95J9dnENVU,ChIJyRb7_u-n9YgRaFRK94xpvAo,1 hour 15 mins,4483,10.1 mi,16187
ChIJAQAAAJSr9YgRAWUFouGmORU,ChIJyRb7_u-n9YgRaFRK94xpvAo,1 hour 23 mins,4972,15.5 mi,24871
ChIJB7Zt3ISp9YgR6QsN_iMncuM,ChIJyRb7_u-n9YgRaFRK94xpvAo,1 hour 17 mins,4624,14.4 mi,23241
ChIJeaBOX8ur9YgRt063AJRafvQ,ChIJyRb7_u-n9YgRaFRK94xpvAo,1 hour 23 mins,4971,12.8 mi,20563
ChIJF8fVOHOs9YgRo_NlQrsUHNQ,ChIJyRb7_u-n9YgRaFRK94xpvAo,1 hour 37 mins,5821,15.7 mi,25287
ChIJgWUsoTuq9YgRXyvazKBa3Mw,ChIJyRb7_u-n9YgRaFRK94xpvAo,1 hour 22 mins,4895,14.6 mi,23520
ChIJIRQgAvOr9YgR1ct0V7BCAEU,ChIJyRb7_u-n9YgRaFRK94xpvAo,1 hour 37 mins,5790,16.5 mi,26488
ChIJj7qsJoer9YgR0CBB1g0txeg,ChIJyRb7_u-n9YgRaFRK94xpvAo,1 hour 24 mins,5034,16.3 mi,26288
ChIJK4SiyoOr9YgRMMjLVN5uRq0,ChIJyRb7_u-n9YgRaFRK94xpvAo,1 hour 24 mins,5036,16.2 mi,26124
ChIJMevdr5ir9YgRPUGFTgS1E8Q,ChIJyRb7_u-n9YgRaFRK94xpvAo,1 hour 24 mins,5043,15.5 mi,24925
ChIJNy6_4air9YgR5IM9wH-L0wY,ChIJyRb7_u-n9YgRaFRK94xpvAo,1 hour 30 mins,5388,14.9 mi,23997
ChIJr9j5_IWr9YgRFCiOCzIopEg,ChIJyRb7_u-n9YgRaFRK94xpvAo,1 hour 32 mins,5531,16.7 mi,26917
ChIJsW-etYar9YgR3JQEEeoA1S4,ChIJyRb7_u-n9YgRaFRK94xpvAo,1 hour 24 mins,5037,16.2 mi,26125
ChIJWX-jz56r9YgRQI_5LPpYaBQ,ChIJyRb7_u-n9YgRaFRK94xpvAo,1 hour 24 mins,5048,15.6 mi,25042
ChIJYau3ctGr9YgRO2WfwdedTRc,ChIJyRb7_u-n9YgRaFRK94xpvAo,1 hour 16 mins,4535,11.6 mi,18647
ChIJ_VYXWqmt9YgRQbwN72OSrxk,ChIJyRb7_u-n9YgRaFRK94xpvAo,1 hour 43 mins,6197,20.1 mi,32361
ChIJ1Rej8o6s9YgR7RvxImNzfsY,ChIJyRb7_u-n9YgRaFRK94xpvAo,1 hour 38 mins,5902,17.7 mi,28544
ChIJ2VoUGPGs9YgRLfmx5k-i_8I,ChIJyRb7_u-n9YgRaFRK94xpvAo,2 hours 3 mins,7404,18.4 mi,29652
ChIJ33i_PPas9YgR0bD8zLjRmuU,ChIJyRb7_u-n9YgRaFRK94xpvAo,1 hour 45 mins,6301,18.7 mi,30023
ChIJ38NHq1es9YgR5haGeEbD9kU,ChIJyRb7_u-n9YgRaFRK94xpvAo,1 hour 51 mins,6665,20.1 mi,32372
ChIJ4Wdo3oKt9YgRWP15w0mHl6c,ChIJyRb7_u-n9YgRaFRK94xpvAo,1 hour 49 mins,6564,23.3 mi,37429
ChIJ8XPA3pGt9YgR9Y9VqDal6N4,ChIJyRb7_u-n9YgRaFRK94xpvAo,1 hour 35 mins,5703,19.3 mi,31113
ChIJ9w7_U6ut9YgRBxfkyYnhPgI,ChIJyRb7_u-n9YgRaFRK94xpvAo,1 hour 55 mins,6882,21.8 mi,35154
ChIJfaPqbf6s9YgRTOTOHwMXArg,ChIJyRb7_u-n9YgRaFRK94xpvAo,1 hour 46 mins,6364,19.7 mi,31771
ChIJiVocNfSs9YgRukeg2tVdFXw,ChIJyRb7_u-n9YgRaFRK94xpvAo,2 hours 2 mins,7300,18.1 mi,29172
ChIJJWhZhY-y9YgRnIdLcvwVpO0,ChIJyRb7_u-n9YgRaFRK94xpvAo,2 hours 7 mins,7633,23.2 mi,37415
ChIJJWhZhY-y9YgRr3edyRXAYOY,ChIJyRb7_u-n9YgRaFRK94xpvAo,2 hours 13 mins,7983,21.2 mi,34163
ChIJs3qhxa6t9YgRPivmGWr_brE,ChIJyRb7_u-n9YgRaFRK94xpvAo,1 hour 47 mins,6448,20.4 mi,32865
ChIJs9jCe6yt9YgRJatJdMYPUj4,ChIJyRb7_u-n9YgRaFRK94xpvAo,1 hour 46 mins,6350,20.1 mi,32412
ChIJu8Q6nZ6t9YgR2nJTQ57Mopg,ChIJyRb7_u-n9YgRaFRK94xpvAo,1 hour 52 mins,6747,23.4 mi,37631
ChIJv_KQNPSs9YgR5u6cToogCFE,ChIJyRb7_u-n9YgRaFRK94xpvAo,2 hours 2 mins,7296,18.1 mi,29167
ChIJW4RVHamt9YgRq1BuNrvve74,ChIJyRb7_u-n9YgRaFRK94xpvAo,1 hour 43 mins,6182,20.2 mi,32501
ChIJW7P-eo-s9YgRWAgS3L0rDm4,ChIJyRb7_u-n9YgRaFRK94xpvAo,1 hour 38 mins,5901,17.4 mi,27933
ChIJY1VVVSWt9YgRe1AFJFy4i4E,ChIJyRb7_u-n9YgRaFRK94xpvAo,2 hours 18 mins,8280,21.7 mi,34982
ChIJFfZShIG69YgR6yUwlemCfIQ,ChIJyRb7_u-n9YgRaFRK94xpvAo,NA,NA,NA,NA
ChIJt8csqHiw9YgRRd01X_uqHDs,ChIJyRb7_u-n9YgRaFRK94xpvAo,NA,NA,NA,NA
ChIJzdZ92oK69YgROVYNvAZb68w,ChIJyRb7_u-n9YgRaFRK94xpvAo,NA,NA,NA,NA
ChIJ4UGCXUus9YgRyK9cTdilmqw,ChIJyRb7_u-n9YgRaFRK94xpvAo,1 hour 45 mins,6310,21.5 mi,34655
ChIJExuMM5ut9YgR5SxO7GwF0_U,ChIJyRb7_u-n9YgRaFRK94xpvAo,1 hour 34 mins,5644,19.7 mi,31646
ChIJKWiXpbGt9YgRgUUIEKTxvR4,ChIJyRb7_u-n9YgRaFRK94xpvAo,1 hour 50 mins,6586,22.1 mi,35545
ChIJkwPPVoWt9YgRM239E0g67aU,ChIJyRb7_u-n9YgRaFRK94xpvAo,1 hour 34 mins,5614,19.5 mi,31384
ChIJs8JQ0Vis9YgRPq6_ryxqBNk,ChIJyRb7_u-n9YgRaFRK94xpvAo,1 hour 37 mins,5800,17.1 mi,27588
ChIJu2ULG6yt9YgREMZml7a4IFo,ChIJyRb7_u-n9YgRaFRK94xpvAo,1 hour 46 mins,6363,20.1 mi,32420
ChIJWwajkr-x9YgRqaaIZraLxgg,ChIJyRb7_u-n9YgRaFRK94xpvAo,NA,NA,NA,NA
ChIJ2RkUA9yo9YgR3lcIIswDQdo,ChIJyRb7_u-n9YgRaFRK94xpvAo,1 hour 0 mins,3611,8.6 mi,13800
ChIJ9-FEZcmo9YgRKwFCJmR08YQ,ChIJyRb7_u-n9YgRaFRK94xpvAo,1 hour 3 mins,3751,9.6 mi,15486
ChIJc9SPW-Oo9YgRIsKegGkqTnc,ChIJyRb7_u-n9YgRaFRK94xpvAo,52 mins,3148,7.4 mi,11985
ChIJI925Ks6o9YgRHjgqew8TF1E,ChIJyRb7_u-n9YgRaFRK94xpvAo,1 hour 2 mins,3708,9.2 mi,14767
ChIJicQCx8Wo9YgRwjdqkFQosow,ChIJyRb7_u-n9YgRaFRK94xpvAo,1 hour 6 mins,3936,9.6 mi,15475
ChIJizRW_Bup9YgRqmS14_41IPo,ChIJyRb7_u-n9YgRaFRK94xpvAo,1 hour 3 mins,3802,7.4 mi,11968
ChIJj_cJPR6p9YgRf1qtWA1XjPM,ChIJyRb7_u-n9YgRaFRK94xpvAo,1 hour 7 mins,4029,8.7 mi,13985
ChIJj7hafc6o9YgR-WSfSXI8eiE,ChIJyRb7_u-n9YgRaFRK94xpvAo,1 hour 1 min,3658,9.3 mi,14906
ChIJjzzCp5ud4RQRMN0cUuetsoc,ChIJyRb7_u-n9YgRaFRK94xpvAo,1 hour 2 mins,3746,9.5 mi,15309
ChIJKdd7SAep9YgReOQ7VB9rh8Q,ChIJyRb7_u-n9YgRaFRK94xpvAo,45 mins,2726,6.4 mi,10223
ChIJuZ36ADOv9YgRAJByr7UW4i0,ChIJyRb7_u-n9YgRaFRK94xpvAo,1 hour 18 mins,4657,13.4 mi,21532
ChIJVXC_g8yo9YgR8faBDJrrxxQ,ChIJyRb7_u-n9YgRaFRK94xpvAo,1 hour 9 mins,4124,9.9 mi,15938
ChIJVy-A0TGv9YgRSVegy2PEmPE,ChIJyRb7_u-n9YgRaFRK94xpvAo,1 hour 16 mins,4539,13.0 mi,20931
ChIJW3Fcm7eo9YgRs_QfKJGRAog,ChIJyRb7_u-n9YgRaFRK94xpvAo,1 hour 6 mins,3969,10.1 mi,16247
ChIJwVNlVTOv9YgRbHJZQ4NqLTg,ChIJyRb7_u-n9YgRaFRK94xpvAo,1 hour 12 mins,4329,10.1 mi,16243
ChIJX2rmhjGv9YgRD3yNc1K-POk,ChIJyRb7_u-n9YgRaFRK94xpvAo,1 hour 18 mins,4694,13.2 mi,21294
ChIJ-xu8ttOo9YgR4yQMcSkkZrE,ChIJyRb7_u-n9YgRaFRK94xpvAo,1 hour 5 mins,3908,9.2 mi,14873
ChIJYWCz8x2p9YgRDZ7VcYynh8o,ChIJyRb7_u-n9YgRaFRK94xpvAo,1 hour 3 mins,3805,8.2 mi,13253
ChIJ2XRCOOau9YgRpLODA4M4cgM,ChIJyRb7_u-n9YgRaFRK94xpvAo,1 hour 13 mins,4367,10.6 mi,17004
ChIJ6Z3XZ1ep9YgRMz_usPUuEeI,ChIJyRb7_u-n9YgRaFRK94xpvAo,1 hour 31 mins,5455,14.2 mi,22832
ChIJRz9rPOCm9YgRVFgCerOzcp0,ChIJyRb7_u-n9YgRaFRK94xpvAo,1 hour 48 mins,6484,11.2 mi,18008
ChIJ3X8oKt4M9YgRzfaNbY3-13E,ChIJyRb7_u-n9YgRaFRK94xpvAo,NA,NA,NA,NA
ChIJ54iJSTEL9YgRo8fp0GsuP-E,ChIJyRb7_u-n9YgRaFRK94xpvAo,2 hours 20 mins,8419,26.4 mi,42463
ChIJdWevqK909YgRnaVRmiOJrcI,ChIJyRb7_u-n9YgRaFRK94xpvAo,1 hour 59 mins,7151,33.8 mi,54354
ChIJfcdwaZVy9YgRDDI4N0R9oHE,ChIJyRb7_u-n9YgRaFRK94xpvAo,2 hours 4 mins,7421,34.7 mi,55858
ChIJiQmHqst09YgR-VdwVTUb7ew,ChIJyRb7_u-n9YgRaFRK94xpvAo,2 hours 6 mins,7563,26.1 mi,42019
ChIJiTrSJLx09YgRmfiUkoHazmU,ChIJyRb7_u-n9YgRaFRK94xpvAo,1 hour 53 mins,6783,32.8 mi,52826
ChIJj-azJV8L9YgRjrzCkvaMzC8,ChIJyRb7_u-n9YgRaFRK94xpvAo,1 hour 42 mins,6092,24.4 mi,39348
ChIJL4EDiSYL9YgRUsKa7xxGRMc,ChIJyRb7_u-n9YgRaFRK94xpvAo,2 hours 49 mins,10112,27.3 mi,43957
ChIJMRY7fSYL9YgR3yvAv4juzrg,ChIJyRb7_u-n9YgRaFRK94xpvAo,NA,NA,NA,NA
ChIJd5fifMUK9YgR8PwRm-XEPkc,ChIJyRb7_u-n9YgRaFRK94xpvAo,NA,NA,NA,NA
ChIJi3k72MIK9YgRPIdUfaRNrhk,ChIJyRb7_u-n9YgRaFRK94xpvAo,NA,NA,NA,NA
ChIJJZnll-109YgRIGs-rX3SMsE,ChIJyRb7_u-n9YgRaFRK94xpvAo,2 hours 9 mins,7768,28.5 mi,45794
ChIJKxNeV9AK9YgRzuMwEKxagYk,ChIJyRb7_u-n9YgRaFRK94xpvAo,2 hours 49 mins,10140,27.3 mi,43966
ChIJKQPb1EO79YgR3KWXJGlwL7U,ChIJyRb7_u-n9YgRaFRK94xpvAo,NA,NA,NA,NA
ChIJJ4UtzMep9YgRoItMJ9cgyuA,ChIJyRb7_u-n9YgRaFRK94xpvAo,46 mins,2749,7.4 mi,11904
ChIJv4BIcLqp9YgRbYx2aNN-UmM,ChIJyRb7_u-n9YgRaFRK94xpvAo,30 mins,1776,6.4 mi,10316
ChIJVzLUERYH9YgR6eoHMurzORM,ChIJyRb7_u-n9YgRaFRK94xpvAo,48 mins,2855,7.5 mi,12075
ChIJxcOEhUqo9YgR0iBy0NN8hmA,ChIJyRb7_u-n9YgRaFRK94xpvAo,37 mins,2221,5.2 mi,8371
ChIJxRnTzFKo9YgRkBdT0bSPB7c,ChIJyRb7_u-n9YgRaFRK94xpvAo,25 mins,1507,5.3 mi,8473
ChIJbc35pbao9YgRiDVnbsu1ncc,ChIJyRb7_u-n9YgRaFRK94xpvAo,1 hour 7 mins,4018,10.3 mi,16621
ChIJg_gJL7eo9YgRkVN-1NhsIeY,ChIJyRb7_u-n9YgRaFRK94xpvAo,1 hour 4 mins,3818,10.1 mi,16325
ChIJI4NRqJao9YgRh-LcqMj9mOw,ChIJyRb7_u-n9YgRaFRK94xpvAo,59 mins,3561,7.0 mi,11228
ChIJSZ98SU-p9YgRuXrhzTZt1Mk,ChIJyRb7_u-n9YgRaFRK94xpvAo,1 hour 13 mins,4371,13.6 mi,21840
ChIJVQdUTEmv9YgR3itAH0sKqDI,ChIJyRb7_u-n9YgRaFRK94xpvAo,1 hour 20 mins,4792,12.2 mi,19594
ChIJX69bXeCo9YgRtHzm3jkVkjI,ChIJyRb7_u-n9YgRaFRK94xpvAo,1 hour 4 mins,3844,8.6 mi,13801
ChIJ_yi9MNml9YgRN_U3_TStTUs,ChIJyRb7_u-n9YgRaFRK94xpvAo,1 hour 17 mins,4618,8.1 mi,12974
ChIJ9_KrMBam9YgR3iUDLJi58_E,ChIJyRb7_u-n9YgRaFRK94xpvAo,54 mins,3217,6.2 mi,10052
ChIJhTNlDvGm9YgRMSdV4o3dEKM,ChIJyRb7_u-n9YgRaFRK94xpvAo,1 hour 37 mins,5796,8.7 mi,13964
ChIJISDZUt-l9YgR2yJuzCBP2uM,ChIJyRb7_u-n9YgRaFRK94xpvAo,1 hour 13 mins,4405,7.9 mi,12713
ChIJj54oqdWn9YgRqCT39SEcC60,ChIJyRb7_u-n9YgRaFRK94xpvAo,36 mins,2177,4.3 mi,6841
ChIJjVWL-p6o9YgRQ7IoDu53-wc,ChIJyRb7_u-n9YgRaFRK94xpvAo,59 mins,3536,6.2 mi,10027
ChIJk24nLnao9YgRgIeRev9qcIc,ChIJyRb7_u-n9YgRaFRK94xpvAo,21 mins,1287,1.6 mi,2643
ChIJp0eQUyGm9YgRMn0Hw9tJqC8,ChIJyRb7_u-n9YgRaFRK94xpvAo,47 mins,2802,5.9 mi,9503
ChIJPY1WY3mm9YgR-Ybhnho05lQ,ChIJyRb7_u-n9YgRaFRK94xpvAo,1 hour 21 mins,4854,8.2 mi,13274
ChIJse0fEPOm9YgRpCeXtSplTzY,ChIJyRb7_u-n9YgRaFRK94xpvAo,1 hour 31 mins,5482,8.9 mi,14340
ChIJua_U43um9YgRvK2p8Wwm6qg,ChIJyRb7_u-n9YgRaFRK94xpvAo,NA,NA,NA,NA
ChIJuVsxfOCn9YgR9Siaz2yd2u8,ChIJyRb7_u-n9YgRaFRK94xpvAo,10 mins,628,1.1 mi,1822
ChIJV3DdLI2m9YgRjqoRIdP27qg,ChIJyRb7_u-n9YgRaFRK94xpvAo,1 hour 28 mins,5291,15.1 mi,24359
ChIJX9l11fOm9YgRgnCHwExBUhc,ChIJyRb7_u-n9YgRaFRK94xpvAo,1 hour 32 mins,5518,8.9 mi,14388
ChIJz5zlAPKm9YgRyoRlRuQC7uY,ChIJyRb7_u-n9YgRaFRK94xpvAo,1 hour 36 mins,5788,9.2 mi,14753
ChIJi346AMuo9YgRKGUBSn5NxYU,ChIJyRb7_u-n9YgRaFRK94xpvAo,1 hour 7 mins,4009,9.8 mi,15763
ChIJsYGGNEqv9YgR4Z72Xb7VacQ,ChIJyRb7_u-n9YgRaFRK94xpvAo,1 hour 16 mins,4556,12.0 mi,19252
ChIJ2zMTQXem9YgRYN6u974CXEY,ChIJyRb7_u-n9YgRaFRK94xpvAo,1 hour 16 mins,4576,8.0 mi,12898
ChIJid5dRvev9YgRyXOLoiyTIaM,ChIJyRb7_u-n9YgRaFRK94xpvAo,2 hours 12 mins,7900,47.4 mi,76334
ChIJA7hb81Cp9YgRfh0m6RAeDrI,ChIJyRb7_u-n9YgRaFRK94xpvAo,1 hour 17 mins,4607,13.4 mi,21519
ChIJEyfWgeCo9YgRjEmEQtkAo3Q,ChIJyRb7_u-n9YgRaFRK94xpvAo,1 hour 3 mins,3750,8.5 mi,13663
ChIJnWb9EfWr9YgR5r5lScVB5sQ,ChIJyRb7_u-n9YgRaFRK94xpvAo,1 hour 29 mins,5341,15.7 mi,25244
ChIJp36R_e-r9YgRTTNgv4Knrgs,ChIJyRb7_u-n9YgRaFRK94xpvAo,1 hour 26 mins,5165,14.9 mi,24018
ChIJuVTPLC8B9YgR_1NXGEbmRZw,ChIJyRb7_u-n9YgRaFRK94xpvAo,1 hour 25 mins,5119,13.0 mi,20925
ChIJ0XsHMD6i9YgRQRFm2-rhJwQ,ChIJyRb7_u-n9YgRaFRK94xpvAo,NA,NA,NA,NA
ChIJ78yCXc2Y9YgRkAF-bLHqfX8,ChIJyRb7_u-n9YgRaFRK94xpvAo,2 hours 3 mins,7402,22.3 mi,35906
ChIJ979itgii9YgRnqKd5cMuOsE,ChIJyRb7_u-n9YgRaFRK94xpvAo,2 hours 26 mins,8782,21.1 mi,33975
ChIJ9W0_BaqY9YgRJCUtWOjMR5Y,ChIJyRb7_u-n9YgRaFRK94xpvAo,2 hours 13 mins,7975,20.4 mi,32860
ChIJB95hnRai9YgRvymPeZ76LQk,ChIJyRb7_u-n9YgRaFRK94xpvAo,NA,NA,NA,NA
ChIJB95hnRai9YgRZOH9V7xMwNs,ChIJyRb7_u-n9YgRaFRK94xpvAo,NA,NA,NA,NA
ChIJDavHE9mY9YgRrMF2b6D_XP0,ChIJyRb7_u-n9YgRaFRK94xpvAo,2 hours 13 mins,7991,23.5 mi,37877
ChIJ-fbmtGKi9YgRClozoPnJU8s,ChIJyRb7_u-n9YgRaFRK94xpvAo,2 hours 11 mins,7837,22.7 mi,36523
ChIJjbdnRzyi9YgROyn0G5m3YBA,ChIJyRb7_u-n9YgRaFRK94xpvAo,NA,NA,NA,NA
ChIJJYZy10Gi9YgR7HtHjFCgTfM,ChIJyRb7_u-n9YgRaFRK94xpvAo,NA,NA,NA,NA
ChIJJZvrRj-i9YgRHFWcvebbVlY,ChIJyRb7_u-n9YgRaFRK94xpvAo,NA,NA,NA,NA
ChIJKQmWgdCY9YgRs4sld9Wk31A,ChIJyRb7_u-n9YgRaFRK94xpvAo,2 hours 5 mins,7486,22.4 mi,36034
ChIJNc2O-hSi9YgRAh9-RHxrSPM,ChIJyRb7_u-n9YgRaFRK94xpvAo,NA,NA,NA,NA
ChIJT1FHqAWi9YgRM8j_0v4Y09o,ChIJyRb7_u-n9YgRaFRK94xpvAo,2 hours 21 mins,8484,20.8 mi,33543
ChIJTaf56gOi9YgRqMARxCz9YvY,ChIJyRb7_u-n9YgRaFRK94xpvAo,2 hours 12 mins,7910,20.4 mi,32782
ChIJTdKMqjGi9YgReClBNCJaLI0,ChIJyRb7_u-n9YgRaFRK94xpvAo,NA,NA,NA,NA
ChIJVfQUgmKi9YgRczn3rVucVxo,ChIJyRb7_u-n9YgRaFRK94xpvAo,NA,NA,NA,NA
ChIJYYtQyhOi9YgR6cjhCG3k-6k,ChIJyRb7_u-n9YgRaFRK94xpvAo,NA,NA,NA,NA
ChIJ9QWjoRcB9YgRoZXI2mxRIN4,ChIJyRb7_u-n9YgRaFRK94xpvAo,1 hour 33 mins,5582,24.3 mi,39048
ChIJAaM1oykC9YgR0OZsadJxR-4,ChIJyRb7_u-n9YgRaFRK94xpvAo,1 hour 35 mins,5677,21.4 mi,34516
ChIJCXRRxsoB9YgRvQuU5LlolH0,ChIJyRb7_u-n9YgRaFRK94xpvAo,1 hour 57 mins,7043,28.0 mi,45014
ChIJD3cY_tT99IgRqFcTSMKa0yc,ChIJyRb7_u-n9YgRaFRK94xpvAo,2 hours 6 mins,7544,33.4 mi,53790
ChIJG0bc7cH-9IgR34gQ_bJ_e0U,ChIJyRb7_u-n9YgRaFRK94xpvAo,2 hours 17 mins,8226,31.4 mi,50584
ChIJp1HBbjP89IgRHjLB_APV-RM,ChIJyRb7_u-n9YgRaFRK94xpvAo,1 hour 52 mins,6735,32.1 mi,51709
ChIJq8ULXgD_9IgRwQOwDGYcBuY,ChIJyRb7_u-n9YgRaFRK94xpvAo,1 hour 56 mins,6951,37.3 mi,60009
ChIJQWHACYsB9YgROvCne0PgRJg,ChIJyRb7_u-n9YgRaFRK94xpvAo,1 hour 36 mins,5760,18.6 mi,29966
ChIJS0QemG_-9IgREr4W7kPOk3g,ChIJyRb7_u-n9YgRaFRK94xpvAo,1 hour 57 mins,7038,34.2 mi,55047
ChIJty_jTNT99IgR1HBhyu6gtKY,ChIJyRb7_u-n9YgRaFRK94xpvAo,2 hours 1 min,7246,33.7 mi,54229
ChIJwf0N1in89IgR-wz_yV6SCgg,ChIJyRb7_u-n9YgRaFRK94xpvAo,1 hour 58 mins,7073,33.2 mi,53447
ChIJX92abQoB9YgRe-5CpCPwuzU,ChIJyRb7_u-n9YgRaFRK94xpvAo,1 hour 50 mins,6582,25.6 mi,41131
ChIJB070Rhrk9IgRud92FzIcH9I,ChIJyRb7_u-n9YgRaFRK94xpvAo,2 hours 26 mins,8752,35.2 mi,56719
ChIJCxwWUxnk9IgROOnstCphrzk,ChIJyRb7_u-n9YgRaFRK94xpvAo,2 hours 21 mins,8475,35.4 mi,56968
ChIJeTHmZK3m9IgRt2qQ-NPxQmA,ChIJyRb7_u-n9YgRaFRK94xpvAo,2 hours 23 mins,8557,31.7 mi,50952
ChIJgfFV4rHm9IgR6nbE7QDvNuE,ChIJyRb7_u-n9YgRaFRK94xpvAo,2 hours 33 mins,9158,34.7 mi,55866
ChIJHb3YVFPh9IgRFWdJbVed_yc,ChIJyRb7_u-n9YgRaFRK94xpvAo,2 hours 15 mins,8122,31.2 mi,50289
ChIJHxRVhDHh9IgRWTtacs-Omzk,ChIJyRb7_u-n9YgRaFRK94xpvAo,1 hour 51 mins,6647,36.9 mi,59458
ChIJL3gSMk3h9IgRI_uD_siXGGE,ChIJyRb7_u-n9YgRaFRK94xpvAo,2 hours 22 mins,8503,34.5 mi,55449
ChIJLxvFZazm9IgRr1bKErhfsdk,ChIJyRb7_u-n9YgRaFRK94xpvAo,2 hours 15 mins,8122,31.2 mi,50289
ChIJO-h7FK3m9IgROxi7nFfyKzM,ChIJyRb7_u-n9YgRaFRK94xpvAo,2 hours 23 mins,8572,31.7 mi,50974
ChIJrbRZvR_k9IgRvnVGpLYFB3E,ChIJyRb7_u-n9YgRaFRK94xpvAo,1 hour 59 mins,7144,39.1 mi,62873
ChIJ27wrj4kD9YgRhOeEudS5Q6I,ChIJyRb7_u-n9YgRaFRK94xpvAo,1 hour 13 mins,4373,19.1 mi,30674
ChIJA4eHtHsD9YgRgpbuFol2N_c,ChIJyRb7_u-n9YgRaFRK94xpvAo,1 hour 17 mins,4640,20.6 mi,33161
ChIJc9HQ6owD9YgRrrgQjXHWRAI,ChIJyRb7_u-n9YgRaFRK94xpvAo,1 hour 13 mins,4366,16.4 mi,26436
ChIJdeOFBnbC9YgRmHsldVDY4EU,ChIJyRb7_u-n9YgRaFRK94xpvAo,1 hour 14 mins,4456,16.5 mi,26566
ChIJF9DnQ5AD9YgRiugit9xuFFA,ChIJyRb7_u-n9YgRaFRK94xpvAo,1 hour 18 mins,4699,19.8 mi,31830
ChIJGysJ5IYD9YgRVq8BBT0FeIM,ChIJyRb7_u-n9YgRaFRK94xpvAo,1 hour 16 mins,4557,17.4 mi,28040
ChIJh2xtLYYD9YgR6dYotPlD8fc,ChIJyRb7_u-n9YgRaFRK94xpvAo,1 hour 13 mins,4380,19.1 mi,30687
ChIJH8AvfnAD9YgR9DAg0gVS5P8,ChIJyRb7_u-n9YgRaFRK94xpvAo,1 hour 15 mins,4514,20.1 mi,32369
ChIJjaxHa4MD9YgRiFw9e1lKeiY,ChIJyRb7_u-n9YgRaFRK94xpvAo,1 hour 20 mins,4826,17.3 mi,27805
ChIJmy2YWWkV9YgRFwKjnBFq8qQ,ChIJyRb7_u-n9YgRaFRK94xpvAo,1 hour 3 mins,3784,18.6 mi,29968
ChIJP5bF3m8D9YgRRpysdkBL_8M,ChIJyRb7_u-n9YgRaFRK94xpvAo,1 hour 16 mins,4586,20.4 mi,32758
ChIJR84HyIYD9YgRFHFKxN5h-Ro,ChIJyRb7_u-n9YgRaFRK94xpvAo,1 hour 15 mins,4513,17.4 mi,28010
ChIJrdTNI4gD9YgRXAwqUbdnj54,ChIJyRb7_u-n9YgRaFRK94xpvAo,1 hour 6 mins,3954,18.7 mi,30164
ChIJwwpL5nwD9YgR8WsfMVA2wP0,ChIJyRb7_u-n9YgRaFRK94xpvAo,1 hour 15 mins,4507,18.1 mi,29135
ChIJ-zMeyX4E9YgRvHDw0bxqSR4,ChIJyRb7_u-n9YgRaFRK94xpvAo,1 hour 10 mins,4187,18.4 mi,29666
ChIJ0-xRPGIP9YgRARxpw_11jBw,ChIJyRb7_u-n9YgRaFRK94xpvAo,1 hour 20 mins,4818,16.7 mi,26918
ChIJC2JseKMF9YgRevzWQcAqAeE,ChIJyRb7_u-n9YgRaFRK94xpvAo,1 hour 22 mins,4901,19.0 mi,30641
ChIJC2JseKMF9YgRkR9mb7ubpxw,ChIJyRb7_u-n9YgRaFRK94xpvAo,1 hour 22 mins,4901,19.0 mi,30641
ChIJd7NksmMP9YgROcu29A9Fsss,ChIJyRb7_u-n9YgRaFRK94xpvAo,1 hour 17 mins,4632,16.6 mi,26661
ChIJHaQ8No0F9YgRQugqRNN6p1o,ChIJyRb7_u-n9YgRaFRK94xpvAo,1 hour 13 mins,4373,15.3 mi,24624
ChIJk0R0p7gF9YgRKLhdcr1ADqw,ChIJyRb7_u-n9YgRaFRK94xpvAo,55 mins,3298,9.4 mi,15090
ChIJL4mNlpoF9YgRaUjlUSU8gbY,ChIJyRb7_u-n9YgRaFRK94xpvAo,1 hour 19 mins,4759,14.5 mi,23367
ChIJn7Lt_WMP9YgRtajQLUxJLDg,ChIJyRb7_u-n9YgRaFRK94xpvAo,1 hour 12 mins,4325,16.3 mi,26283
ChIJpz3nq6MF9YgRhFUzKH0GZJw,ChIJyRb7_u-n9YgRaFRK94xpvAo,1 hour 20 mins,4799,15.4 mi,24783
ChIJUd1GiGMP9YgRtYPs_hqO9oM,ChIJyRb7_u-n9YgRaFRK94xpvAo,1 hour 12 mins,4314,16.3 mi,26284
ChIJ4WU3wxkE9YgRzO4rBan-OrY,ChIJyRb7_u-n9YgRaFRK94xpvAo,1 hour 13 mins,4361,10.6 mi,17129
ChIJ90CrEAsE9YgRIdPvubM5-S4,ChIJyRb7_u-n9YgRaFRK94xpvAo,1 hour 21 mins,4865,18.9 mi,30489
ChIJ9U9etAQE9YgRcSR8JAXDEOQ,ChIJyRb7_u-n9YgRaFRK94xpvAo,1 hour 7 mins,3998,11.3 mi,18255
ChIJdSmeyqYG9YgRTRFloPvX6gY,ChIJyRb7_u-n9YgRaFRK94xpvAo,1 hour 2 mins,3704,10.2 mi,16410
ChIJla9vKxwE9YgRen6YxjbRidk,ChIJyRb7_u-n9YgRaFRK94xpvAo,1 hour 4 mins,3839,10.3 mi,16611
ChIJmSSmrwQE9YgRJc3GqPNn3YE,ChIJyRb7_u-n9YgRaFRK94xpvAo,1 hour 6 mins,3933,11.2 mi,17974
ChIJN8-3fBAE9YgRJ1OXXmQYGLI,ChIJyRb7_u-n9YgRaFRK94xpvAo,1 hour 24 mins,5056,18.8 mi,30264
ChIJO1iL5pkG9YgRVQjpx4Yk_dE,ChIJyRb7_u-n9YgRaFRK94xpvAo,1 hour 12 mins,4314,10.7 mi,17240
ChIJQxHD-BoE9YgRHdFVTbiZRac,ChIJyRb7_u-n9YgRaFRK94xpvAo,1 hour 12 mins,4348,11.6 mi,18721
ChIJ_74EILMG9YgRd0NE9HI25qE,ChIJyRb7_u-n9YgRaFRK94xpvAo,1 hour 11 mins,4267,14.2 mi,22897
ChIJ1QsEPD0E9YgRmTzScyoNpGA,ChIJyRb7_u-n9YgRaFRK94xpvAo,1 hour 26 mins,5145,18.5 mi,29717
ChIJ3zEPIvcD9YgRnpT_agEqcAw,ChIJyRb7_u-n9YgRaFRK94xpvAo,1 hour 20 mins,4820,16.8 mi,27066
ChIJ8b1fMEsB9YgRXNXYpO0hui0,ChIJyRb7_u-n9YgRaFRK94xpvAo,1 hour 18 mins,4686,14.9 mi,23944
ChIJEQS-AqcG9YgRkcq0HddB-RY,ChIJyRb7_u-n9YgRaFRK94xpvAo,1 hour 1 min,3659,10.3 mi,16600
ChIJeSkmSFUB9YgRJz1ToM8WTSk,ChIJyRb7_u-n9YgRaFRK94xpvAo,1 hour 16 mins,4543,15.3 mi,24563
ChIJg3g7YPkD9YgRNUcroPZaSgM,ChIJyRb7_u-n9YgRaFRK94xpvAo,1 hour 19 mins,4714,13.0 mi,20921
ChIJIyckqwcE9YgRU_fnuuvvG_s,ChIJyRb7_u-n9YgRaFRK94xpvAo,1 hour 17 mins,4604,11.3 mi,18248
ChIJJ3YMCakG9YgRJ0uX3umnixw,ChIJyRb7_u-n9YgRaFRK94xpvAo,1 hour 17 mins,4620,15.3 mi,24609
ChIJlao9vgYH9YgROgY1mJC-xPg,ChIJyRb7_u-n9YgRaFRK94xpvAo,1 hour 0 mins,3598,15.0 mi,24100
ChIJLRdHWQEE9YgR1SyxHcCQNkY,ChIJyRb7_u-n9YgRaFRK94xpvAo,1 hour 10 mins,4196,11.0 mi,17675
ChIJlxVaAAQE9YgRgexgHt40h1Y,ChIJyRb7_u-n9YgRaFRK94xpvAo,1 hour 11 mins,4237,11.0 mi,17734
ChIJo-o2g7oG9YgRv42QXspOnk4,ChIJyRb7_u-n9YgRaFRK94xpvAo,1 hour 14 mins,4430,14.4 mi,23235
ChIJR4ZfugYE9YgRzWTDLI6Bkac,ChIJyRb7_u-n9YgRaFRK94xpvAo,1 hour 12 mins,4301,11.1 mi,17837
ChIJSdVz9fcD9YgR1OUCQJk173I,ChIJyRb7_u-n9YgRaFRK94xpvAo,1 hour 17 mins,4628,12.9 mi,20735
ChIJTxOlP60G9YgRoKN8upka1CQ,ChIJyRb7_u-n9YgRaFRK94xpvAo,1 hour 15 mins,4487,14.5 mi,23265
ChIJva5cRwAE9YgRQskabB7h4vk,ChIJyRb7_u-n9YgRaFRK94xpvAo,1 hour 13 mins,4370,15.1 mi,24272
ChIJwRPuqgcE9YgRUYFudjipesA,ChIJyRb7_u-n9YgRaFRK94xpvAo,1 hour 16 mins,4585,11.3 mi,18227
ChIJZ9ACgwIE9YgR7wQ2sU-xGjM,ChIJyRb7_u-n9YgRaFRK94xpvAo,1 hour 5 mins,3928,10.8 mi,17339
ChIJ_cF78HYE9YgRr2YoF3KZcqc,ChIJyRb7_u-n9YgRaFRK94xpvAo,1 hour 12 mins,4325,19.0 mi,30586
ChIJa5x-k2gE9YgRlqdEIazVujc,ChIJyRb7_u-n9YgRaFRK94xpvAo,1 hour 4 mins,3816,17.4 mi,27955
ChIJg6E4R2YE9YgR5rOOcMZ1qrU,ChIJyRb7_u-n9YgRaFRK94xpvAo,1 hour 2 mins,3739,17.3 mi,27844
ChIJmTtvphAE9YgRNEyufMuC8y4,ChIJyRb7_u-n9YgRaFRK94xpvAo,1 hour 14 mins,4435,10.7 mi,17288
ChIJQfERKw4E9YgRat6hswPvgsA,ChIJyRb7_u-n9YgRaFRK94xpvAo,1 hour 25 mins,5072,18.9 mi,30339
ChIJT188AHEE9YgRJfZv8WkdIB0,ChIJyRb7_u-n9YgRaFRK94xpvAo,1 hour 10 mins,4194,18.4 mi,29599
ChIJ37CkuqgF9YgRrUyMLVcOmZY,ChIJyRb7_u-n9YgRaFRK94xpvAo,1 hour 17 mins,4613,18.5 mi,29780
ChIJB5SgA0QE9YgREjOFKgKGDAg,ChIJyRb7_u-n9YgRaFRK94xpvAo,1 hour 0 mins,3625,11.2 mi,18048
ChIJbyhzTKkF9YgRvXc-LN357RQ,ChIJyRb7_u-n9YgRaFRK94xpvAo,1 hour 17 mins,4619,18.3 mi,29494
ChIJdddL5P8E9YgRGF4z_2cw4k0,ChIJyRb7_u-n9YgRaFRK94xpvAo,1 hour 19 mins,4711,18.1 mi,29058
ChIJf-aCvkEE9YgRZrFffg2QJUg,ChIJyRb7_u-n9YgRaFRK94xpvAo,1 hour 4 mins,3839,17.3 mi,27886
ChIJHc0D7f0E9YgRPOvxvVKCL24,ChIJyRb7_u-n9YgRaFRK94xpvAo,1 hour 23 mins,4994,18.3 mi,29419
ChIJiQ6H8l0E9YgRuNf8HKchVmQ,ChIJyRb7_u-n9YgRaFRK94xpvAo,1 hour 0 mins,3619,17.1 mi,27597
ChIJOzubW68F9YgRwomNWOyuxrs,ChIJyRb7_u-n9YgRaFRK94xpvAo,1 hour 6 mins,3932,17.4 mi,27983
ChIJs1u-JGgE9YgRwq8ohAHSZDA,ChIJyRb7_u-n9YgRaFRK94xpvAo,59 mins,3564,17.1 mi,27600
ChIJvQGoW68F9YgRzrfgtkw_N7U,ChIJyRb7_u-n9YgRaFRK94xpvAo,1 hour 24 mins,5028,18.7 mi,30156
ChIJXRDx0a4F9YgRLKxk8qFcOHE,ChIJyRb7_u-n9YgRaFRK94xpvAo,1 hour 19 mins,4764,18.4 mi,29655
ChIJ-yHZcakF9YgR96F6tNGnSBQ,ChIJyRb7_u-n9YgRaFRK94xpvAo,1 hour 19 mins,4760,18.4 mi,29665
ChIJzYSEBUME9YgRT1yH2dSMRYg,ChIJyRb7_u-n9YgRaFRK94xpvAo,1 hour 2 mins,3714,17.2 mi,27750
ChIJ37wfPCYD9YgRgH09YexReM4,ChIJyRb7_u-n9YgRaFRK94xpvAo,1 hour 12 mins,4297,22.5 mi,36143
ChIJ81x1VC8d9YgR_EgsnoeyZRQ,ChIJyRb7_u-n9YgRaFRK94xpvAo,1 hour 26 mins,5156,23.8 mi,38317
ChIJE8ZszzQD9YgRuMaM0lUhGNo,ChIJyRb7_u-n9YgRaFRK94xpvAo,1 hour 33 mins,5579,18.3 mi,29527
ChIJG-SHASYD9YgR9IacGeiSr1o,ChIJyRb7_u-n9YgRaFRK94xpvAo,1 hour 15 mins,4502,22.6 mi,36407
ChIJGVmUfgwD9YgRXJwlxl8RtDU,ChIJyRb7_u-n9YgRaFRK94xpvAo,1 hour 32 mins,5536,16.6 mi,26711
ChIJjaRLQzcD9YgRD3I8_Pfxsqg,ChIJyRb7_u-n9YgRaFRK94xpvAo,1 hour 24 mins,5060,17.8 mi,28688
ChIJL5UwREsD9YgRlnnpCp5hNAg,ChIJyRb7_u-n9YgRaFRK94xpvAo,1 hour 38 mins,5869,18.3 mi,29486
ChIJlQUew18D9YgRVgBMuvrODlc,ChIJyRb7_u-n9YgRaFRK94xpvAo,1 hour 17 mins,4630,18.9 mi,30448
ChIJm9S-NcIC9YgRoeRuRGfxZnk,ChIJyRb7_u-n9YgRaFRK94xpvAo,1 hour 20 mins,4794,23.8 mi,38304
ChIJMbPgAxUD9YgRY0oBtjIXjKo,ChIJyRb7_u-n9YgRaFRK94xpvAo,1 hour 8 mins,4069,20.9 mi,33693
ChIJpUlMgZ8E9YgRLHp5RI1UzsI,ChIJyRb7_u-n9YgRaFRK94xpvAo,1 hour 19 mins,4737,20.9 mi,33565
ChIJtbinFxsD9YgRtVVGnQNuki0,ChIJyRb7_u-n9YgRaFRK94xpvAo,1 hour 26 mins,5143,22.5 mi,36196
ChIJv-RxCTcD9YgRnbU6oJ6kw6s,ChIJyRb7_u-n9YgRaFRK94xpvAo,1 hour 27 mins,5191,17.9 mi,28863
ChIJZ9eqdkID9YgRZfBqVB-7UNI,ChIJyRb7_u-n9YgRaFRK94xpvAo,1 hour 22 mins,4917,21.6 mi,34775
ChIJZy2NN0ID9YgRH5vH5OO23Es,ChIJyRb7_u-n9YgRaFRK94xpvAo,1 hour 23 mins,4950,21.6 mi,34799
ChIJ0Qj2HRcd9YgRB5Zhc_czQc4,ChIJyRb7_u-n9YgRaFRK94xpvAo,1 hour 26 mins,5135,20.5 mi,33032
ChIJ1-1JOGUc9YgRgYkC-f2nKnA,ChIJyRb7_u-n9YgRaFRK94xpvAo,1 hour 35 mins,5713,20.7 mi,33375
ChIJ1a3rvTsd9YgRBoN-LCWKoZs,ChIJyRb7_u-n9YgRaFRK94xpvAo,1 hour 27 mins,5224,20.8 mi,33474
ChIJ1V3fDpAc9YgRs5o8tpFfPU0,ChIJyRb7_u-n9YgRaFRK94xpvAo,1 hour 25 mins,5090,24.0 mi,38665
ChIJ2eRb1BYd9YgRYdB0X8WtL04,ChIJyRb7_u-n9YgRaFRK94xpvAo,1 hour 24 mins,5028,20.5 mi,33032
ChIJ35uhTAkd9YgRDXHpgVU9E34,ChIJyRb7_u-n9YgRaFRK94xpvAo,1 hour 26 mins,5132,21.1 mi,33949
ChIJ8X4uAHAc9YgRIzTJsUr6lkM,ChIJyRb7_u-n9YgRaFRK94xpvAo,1 hour 35 mins,5707,21.0 mi,33868
ChIJ8YCzD2wc9YgRLwcNQSZMkl0,ChIJyRb7_u-n9YgRaFRK94xpvAo,1 hour 43 mins,6198,23.0 mi,37076
ChIJ9boAKqEd9YgR0RoLw48i-aQ,ChIJyRb7_u-n9YgRaFRK94xpvAo,1 hour 28 mins,5296,21.7 mi,34916
ChIJBRQCZq8d9YgRGmPBKsRD4-M,ChIJyRb7_u-n9YgRaFRK94xpvAo,1 hour 42 mins,6134,24.4 mi,39323
ChIJCcnLsC4d9YgRI3UQKBiE0fs,ChIJyRb7_u-n9YgRaFRK94xpvAo,1 hour 19 mins,4727,19.4 mi,31192
ChIJdfUCbI8c9YgRFabF1Nc2Rrs,ChIJyRb7_u-n9YgRaFRK94xpvAo,1 hour 32 mins,5511,20.1 mi,32278
ChIJE5ucg3sc9YgRr_fivYDE7po,ChIJyRb7_u-n9YgRaFRK94xpvAo,1 hour 38 mins,5906,20.5 mi,32929
ChIJgQQN0zsd9YgRdx3W44xAI44,ChIJyRb7_u-n9YgRaFRK94xpvAo,1 hour 24 mins,5057,20.6 mi,33224
ChIJhR7wqTwd9YgRZ140jE4Fzrg,ChIJyRb7_u-n9YgRaFRK94xpvAo,1 hour 27 mins,5202,21.0 mi,33858
ChIJMbts-I8c9YgRiscBgpAax4E,ChIJyRb7_u-n9YgRaFRK94xpvAo,1 hour 21 mins,4875,23.8 mi,38364
ChIJNUn5wqYd9YgR8Me8Q1J7SXM,ChIJyRb7_u-n9YgRaFRK94xpvAo,1 hour 41 mins,6037,24.2 mi,38940
ChIJqTSAZS8d9YgRCX8su5AklCU,ChIJyRb7_u-n9YgRaFRK94xpvAo,1 hour 21 mins,4855,19.6 mi,31520
ChIJr9gKrCMd9YgRAirSCWlWbYM,ChIJyRb7_u-n9YgRaFRK94xpvAo,1 hour 23 mins,4964,20.1 mi,32283
ChIJbaWsEg8E9YgRuOrQwvFLRHg,ChIJyRb7_u-n9YgRaFRK94xpvAo,1 hour 7 mins,4004,11.6 mi,18633
ChIJBfK5TIwD9YgR2hsrinRNmGU,ChIJyRb7_u-n9YgRaFRK94xpvAo,1 hour 12 mins,4337,16.4 mi,26418
ChIJbVv0CQoE9YgRL3YaVYx85ds,ChIJyRb7_u-n9YgRaFRK94xpvAo,1 hour 23 mins,4971,19.5 mi,31448
ChIJE-SougoE9YgRYW_BhuDXiUE,ChIJyRb7_u-n9YgRaFRK94xpvAo,1 hour 19 mins,4757,19.4 mi,31172
ChIJeZUORXID9YgRSXwn5CHr6MM,ChIJyRb7_u-n9YgRaFRK94xpvAo,1 hour 21 mins,4851,21.5 mi,34618
ChIJfwKa-AQE9YgRs7NInEFdM7I,ChIJyRb7_u-n9YgRaFRK94xpvAo,1 hour 6 mins,3958,11.3 mi,18230
ChIJGZzOPHMD9YgRRsD7WNa6dzc,ChIJyRb7_u-n9YgRaFRK94xpvAo,1 hour 21 mins,4885,21.5 mi,34634
ChIJiVKdrtwD9YgR02fPn41Jgxg,ChIJyRb7_u-n9YgRaFRK94xpvAo,1 hour 29 mins,5321,15.8 mi,25452
ChIJr_gumggE9YgRVrWdLVAXi9g,ChIJyRb7_u-n9YgRaFRK94xpvAo,1 hour 14 mins,4469,12.1 mi,19492
ChIJR6o3b_QD9YgROF6izpdeCzE,ChIJyRb7_u-n9YgRaFRK94xpvAo,1 hour 17 mins,4616,16.7 mi,26807
ChIJr9X9dtsD9YgRGl0p7h-a5Mw,ChIJyRb7_u-n9YgRaFRK94xpvAo,1 hour 29 mins,5355,15.7 mi,25215
ChIJszQjg5ID9YgRyW6K18DbBbM,ChIJyRb7_u-n9YgRaFRK94xpvAo,1 hour 15 mins,4488,16.6 mi,26644
ChIJw-S7o40D9YgRUUoOqLYydEs,ChIJyRb7_u-n9YgRaFRK94xpvAo,1 hour 15 mins,4474,16.5 mi,26632
ChIJ2-fQNmME9YgRHu3jBs04vrA,ChIJyRb7_u-n9YgRaFRK94xpvAo,1 hour 9 mins,4119,18.1 mi,29134
ChIJc1yhSJIE9YgR61IenOfKnlI,ChIJyRb7_u-n9YgRaFRK94xpvAo,1 hour 20 mins,4775,18.7 mi,30138
ChIJkxaP8nsD9YgRBgG6AMX6KUs,ChIJyRb7_u-n9YgRaFRK94xpvAo,1 hour 17 mins,4626,19.9 mi,32059
ChIJNdVdtnwE9YgR17ClRtg6fHM,ChIJyRb7_u-n9YgRaFRK94xpvAo,1 hour 7 mins,4006,18.0 mi,28969
ChIJt_1SdHwD9YgR-yBIknzDDk8,ChIJyRb7_u-n9YgRaFRK94xpvAo,1 hour 19 mins,4766,18.3 mi,29434
ChIJu-ozPJIE9YgR___IeLF2WNg,ChIJyRb7_u-n9YgRaFRK94xpvAo,1 hour 20 mins,4772,18.6 mi,29885
ChIJ8S4jLl8b9YgRPHcKP17WJuA,ChIJyRb7_u-n9YgRaFRK94xpvAo,1 hour 34 mins,5660,18.8 mi,30272
ChIJ9e54GZUE9YgRsWL-CBvlj98,ChIJyRb7_u-n9YgRaFRK94xpvAo,1 hour 18 mins,4682,18.7 mi,30097
ChIJb1_e700D9YgRnqW7aU6Fcfo,ChIJyRb7_u-n9YgRaFRK94xpvAo,1 hour 26 mins,5178,22.6 mi,36337
ChIJe2Ds1WUD9YgRJz4UPQOCxps,ChIJyRb7_u-n9YgRaFRK94xpvAo,1 hour 20 mins,4828,21.0 mi,33865
ChIJj5Q_Q2ED9YgRm3Sfj30Deh0,ChIJyRb7_u-n9YgRaFRK94xpvAo,1 hour 18 mins,4688,20.9 mi,33560
ChIJLYiPLVgb9YgRFXhE9sQrWdw,ChIJyRb7_u-n9YgRaFRK94xpvAo,1 hour 34 mins,5611,18.8 mi,30259
ChIJp8fwwKYE9YgRCNvtA8b_4Pg,ChIJyRb7_u-n9YgRaFRK94xpvAo,1 hour 25 mins,5078,21.2 mi,34039
ChIJT4zvjKgE9YgREDI_IHVATHs,ChIJyRb7_u-n9YgRaFRK94xpvAo,1 hour 28 mins,5274,17.0 mi,27371
ChIJYcetp18D9YgR14ntktuLfI8,ChIJyRb7_u-n9YgRaFRK94xpvAo,1 hour 19 mins,4715,19.0 mi,30547
ChIJz_d-Nl4b9YgRAMn03UusdIE,ChIJyRb7_u-n9YgRaFRK94xpvAo,1 hour 29 mins,5324,25.0 mi,40176
ChIJ05x3waQD9YgRBCtKMPQ2hbU,ChIJyRb7_u-n9YgRaFRK94xpvAo,1 hour 21 mins,4886,20.8 mi,33547
ChIJact0qlMC9YgRfjodAPwQklY,ChIJyRb7_u-n9YgRaFRK94xpvAo,1 hour 31 mins,5435,18.7 mi,30160
ChIJCx4QdCwC9YgRX71xvlRz6f8,ChIJyRb7_u-n9YgRaFRK94xpvAo,1 hour 47 mins,6438,20.5 mi,33037
ChIJg4HcGe4C9YgRj2tYmxB_KmA,ChIJyRb7_u-n9YgRaFRK94xpvAo,1 hour 32 mins,5490,19.9 mi,32100
ChIJP4WQLPkC9YgRaGO9iqKTmmE,ChIJyRb7_u-n9YgRaFRK94xpvAo,1 hour 40 mins,5989,22.8 mi,36669
ChIJpxSD0P8C9YgR5aRNn1wo6JI,ChIJyRb7_u-n9YgRaFRK94xpvAo,1 hour 41 mins,6071,23.5 mi,37805
ChIJR3I5HyEC9YgRTpJsa9TDRe4,ChIJyRb7_u-n9YgRaFRK94xpvAo,1 hour 31 mins,5430,18.3 mi,29474
ChIJS9k1gqQD9YgRONT6hs8mWGY,ChIJyRb7_u-n9YgRaFRK94xpvAo,1 hour 21 mins,4878,20.8 mi,33429
ChIJXVPcPTYC9YgRj5XQAwOz2Fw,ChIJyRb7_u-n9YgRaFRK94xpvAo,1 hour 39 mins,5918,19.6 mi,31479
ChIJZUloBKgD9YgRuTyzsdi6lck,ChIJyRb7_u-n9YgRaFRK94xpvAo,1 hour 33 mins,5588,17.9 mi,28886
ChIJ3_jf6LoB9YgRGJ9L3O07o1A,ChIJyRb7_u-n9YgRaFRK94xpvAo,NA,NA,NA,NA
ChIJ3dPjutkD9YgR8KEAHtCW4ro,ChIJyRb7_u-n9YgRaFRK94xpvAo,1 hour 30 mins,5375,15.6 mi,25073
ChIJabGD3w8B9YgRZ6cmFsegbUQ,ChIJyRb7_u-n9YgRaFRK94xpvAo,1 hour 43 mins,6193,25.0 mi,40161
ChIJl7P6ZwkB9YgRDSqf937Cdkc,ChIJyRb7_u-n9YgRaFRK94xpvAo,1 hour 44 mins,6257,24.9 mi,40011
ChIJLwnm-uMD9YgR2L7zirZytAM,ChIJyRb7_u-n9YgRaFRK94xpvAo,1 hour 22 mins,4909,21.7 mi,34854
ChIJodFzvRoB9YgRWGmUCW1Jxeg,ChIJyRb7_u-n9YgRaFRK94xpvAo,1 hour 34 mins,5649,24.6 mi,39587
ChIJoVILKgMB9YgRNBKcgX-XYt8,ChIJyRb7_u-n9YgRaFRK94xpvAo,1 hour 30 mins,5413,13.7 mi,22004
ChIJt6oGV3cB9YgRi6H0mci11Ys,ChIJyRb7_u-n9YgRaFRK94xpvAo,1 hour 29 mins,5352,15.9 mi,25617
ChIJY_CjzawB9YgRCUuLSMIpSds,ChIJyRb7_u-n9YgRaFRK94xpvAo,1 hour 33 mins,5595,14.6 mi,23539
ChIJy5R9LRsB9YgR1dcV-zxzu58,ChIJyRb7_u-n9YgRaFRK94xpvAo,1 hour 38 mins,5858,14.0 mi,22571
ChIJby7JPy8B9YgR22T0FIS50WM,ChIJyRb7_u-n9YgRaFRK94xpvAo,1 hour 25 mins,5107,13.2 mi,21322
ChIJfYqpCUkB9YgR1pStiGyF6k4,ChIJyRb7_u-n9YgRaFRK94xpvAo,1 hour 25 mins,5119,14.0 mi,22561
ChIJg_OLUTIB9YgRl8oAlRHzO-s,ChIJyRb7_u-n9YgRaFRK94xpvAo,1 hour 30 mins,5400,13.7 mi,22049
ChIJGfhsskkB9YgRb8IOYEtz2GU,ChIJyRb7_u-n9YgRaFRK94xpvAo,1 hour 25 mins,5084,14.0 mi,22505
ChIJgRpeFC8B9YgRn6ryV9Vmybw,ChIJyRb7_u-n9YgRaFRK94xpvAo,1 hour 25 mins,5107,13.2 mi,21322
ChIJGwnvPtIG9YgRlCNTXMFK9HY,ChIJyRb7_u-n9YgRaFRK94xpvAo,1 hour 14 mins,4465,13.0 mi,20871
ChIJGwnvPtIG9YgRy1ToQP6bJfI,ChIJyRb7_u-n9YgRaFRK94xpvAo,1 hour 14 mins,4465,13.0 mi,20871
ChIJKcLd00kB9YgRl0zp3CMuvho,ChIJyRb7_u-n9YgRaFRK94xpvAo,1 hour 27 mins,5219,13.9 mi,22449
ChIJNxL6alQB9YgRjRqNJuMqH-Q,ChIJyRb7_u-n9YgRaFRK94xpvAo,1 hour 16 mins,4533,15.2 mi,24502
ChIJVTxjrycB9YgRN0eCbfPhC8U,ChIJyRb7_u-n9YgRaFRK94xpvAo,1 hour 29 mins,5323,13.2 mi,21217
ChIJVWmQd1gB9YgRQk7EYwrrlAo,ChIJyRb7_u-n9YgRaFRK94xpvAo,1 hour 27 mins,5198,21.8 mi,35037
ChIJZ_VbuN8A9YgRw9qa3i5CDTQ,ChIJyRb7_u-n9YgRaFRK94xpvAo,1 hour 19 mins,4766,12.1 mi,19447
ChIJZWR7wzYB9YgRmsowFmAN47U,ChIJyRb7_u-n9YgRaFRK94xpvAo,1 hour 23 mins,4958,13.6 mi,21833
ChIJafmGkB4F9YgRMRdnPXUerLA,ChIJyRb7_u-n9YgRaFRK94xpvAo,1 hour 26 mins,5147,20.5 mi,33036
ChIJbQ6gNMQE9YgR6np8qbgatho,ChIJyRb7_u-n9YgRaFRK94xpvAo,1 hour 43 mins,6153,17.6 mi,28337
ChIJD9UmXs8a9YgRRtSc1AZyBRU,ChIJyRb7_u-n9YgRaFRK94xpvAo,1 hour 49 mins,6541,18.2 mi,29211
ChIJfy6o9AQb9YgRxvsVV-L6UNs,ChIJyRb7_u-n9YgRaFRK94xpvAo,1 hour 35 mins,5707,22.5 mi,36137
ChIJIe0tqygF9YgRSsgry7ydJoo,ChIJyRb7_u-n9YgRaFRK94xpvAo,1 hour 42 mins,6090,16.1 mi,25976
ChIJJ62HfiQF9YgRlNoazQT-4no,ChIJyRb7_u-n9YgRaFRK94xpvAo,1 hour 44 mins,6210,16.3 mi,26179
ChIJnYTfvCsF9YgRMyRM9Qh-WyI,ChIJyRb7_u-n9YgRaFRK94xpvAo,1 hour 31 mins,5446,21.4 mi,34483
ChIJQwd7g4QE9YgRQVj64Pa8PKA,ChIJyRb7_u-n9YgRaFRK94xpvAo,1 hour 17 mins,4599,19.0 mi,30644
ChIJQWn70DwU9YgRyZCfhgP_xX4,ChIJyRb7_u-n9YgRaFRK94xpvAo,1 hour 37 mins,5804,19.1 mi,30816
ChIJr6E9XHYb9YgReDqbsv46S4g,ChIJyRb7_u-n9YgRaFRK94xpvAo,1 hour 31 mins,5480,21.0 mi,33810
ChIJvaEdI9sa9YgRo6qumphfI2M,ChIJyRb7_u-n9YgRaFRK94xpvAo,1 hour 35 mins,5676,23.4 mi,37640
ChIJy-ldzOME9YgRGcswdOUrFhg,ChIJyRb7_u-n9YgRaFRK94xpvAo,1 hour 34 mins,5631,14.8 mi,23827
ChIJzZZ5puwE9YgRqWu1ZN3rYeI,ChIJyRb7_u-n9YgRaFRK94xpvAo,1 hour 16 mins,4548,18.5 mi,29740
ChIJ_____68J9YgRBU36pPAXCLA,ChIJyRb7_u-n9YgRaFRK94xpvAo,50 mins,3027,8.0 mi,12849
ChIJ75jdjyAG9YgRP8TB76uqBrw,ChIJyRb7_u-n9YgRaFRK94xpvAo,48 mins,2885,9.7 mi,15627
ChIJ7ybXHOYI9YgRI6Z8oEVzfsA,ChIJyRb7_u-n9YgRaFRK94xpvAo,1 hour 12 mins,4302,11.8 mi,18981
ChIJARKeZbkI9YgRuydoW5OH7Ew,ChIJyRb7_u-n9YgRaFRK94xpvAo,53 mins,3194,10.6 mi,17123
ChIJG-FwByAG9YgRqkiwkisIpys,ChIJyRb7_u-n9YgRaFRK94xpvAo,52 mins,3142,9.9 mi,15993
ChIJhZcw3sAI9YgR38QywjxCgMs,ChIJyRb7_u-n9YgRaFRK94xpvAo,1 hour 1 min,3667,11.0 mi,17774
ChIJiXOECacI9YgRUfD0s7yDSJc,ChIJyRb7_u-n9YgRaFRK94xpvAo,1 hour 4 mins,3825,10.5 mi,16905
ChIJizqDCagI9YgRwPi_ppiBS3o,ChIJyRb7_u-n9YgRaFRK94xpvAo,1 hour 6 mins,3937,10.6 mi,17034
ChIJLV5ESbwI9YgR2vatlV85FSk,ChIJyRb7_u-n9YgRaFRK94xpvAo,44 mins,2662,10.4 mi,16733
ChIJMdN-46sI9YgRHGx2n8voteQ,ChIJyRb7_u-n9YgRaFRK94xpvAo,1 hour 5 mins,3925,12.7 mi,20501
ChIJpdH0jL0I9YgRomIhQRghUC0,ChIJyRb7_u-n9YgRaFRK94xpvAo,51 mins,3085,10.5 mi,16966
ChIJqwsIsq4I9YgRTLqCSGofOg8,ChIJyRb7_u-n9YgRaFRK94xpvAo,1 hour 10 mins,4210,13.0 mi,20872
ChIJRXaawRoG9YgR8v252n84njY,ChIJyRb7_u-n9YgRaFRK94xpvAo,55 mins,3296,10.7 mi,17248
ChIJtfXe3xwJ9YgRFEn6HZP8pfo,ChIJyRb7_u-n9YgRaFRK94xpvAo,54 mins,3265,8.2 mi,13183
ChIJW2tb_-oI9YgRY68Z8CGYHGM,ChIJyRb7_u-n9YgRaFRK94xpvAo,1 hour 4 mins,3815,11.2 mi,17983
ChIJXf6R4sAI9YgRo1YcKwm_oaE,ChIJyRb7_u-n9YgRaFRK94xpvAo,1 hour 4 mins,3824,11.2 mi,17970
ChIJyQPDOBkJ9YgRpI-9EouOCDw,ChIJyRb7_u-n9YgRaFRK94xpvAo,1 hour 16 mins,4576,13.8 mi,22227
ChIJzXKR3rEI9YgRPe0cbSxunQI,ChIJyRb7_u-n9YgRaFRK94xpvAo,56 mins,3338,10.8 mi,17398
ChIJzZVAM7AI9YgRgtZXfzX5wrg,ChIJyRb7_u-n9YgRaFRK94xpvAo,54 mins,3214,10.7 mi,17231
ChIJ2RTZS0rj9IgRNgIqLwB1hx0,ChIJyRb7_u-n9YgRaFRK94xpvAo,1 hour 42 mins,6145,33.2 mi,53421
ChIJ543ZSbPi9IgRHdOEYrz80w8,ChIJyRb7_u-n9YgRaFRK94xpvAo,1 hour 34 mins,5630,23.8 mi,38361
ChIJzfy9TUbj9IgRG3oWCSpNaDk,ChIJyRb7_u-n9YgRaFRK94xpvAo,1 hour 59 mins,7134,33.9 mi,54507
ChIJC8Sr-ZAD9YgRcBD42b7YltE,ChIJyRb7_u-n9YgRaFRK94xpvAo,1 hour 19 mins,4713,19.8 mi,31847
ChIJxxKnLPUD9YgRqGkS-s2EWbg,ChIJyRb7_u-n9YgRaFRK94xpvAo,1 hour 18 mins,4705,16.7 mi,26883
ChIJ4UZPg4UG9YgRMNUMGkE4r04,ChIJyRb7_u-n9YgRaFRK94xpvAo,1 hour 16 mins,4537,12.7 mi,20443
ChIJ6W_0F6oH9YgROuBqazgSDRA,ChIJyRb7_u-n9YgRaFRK94xpvAo,1 hour 0 mins,3611,14.6 mi,23481
ChIJATqOpFgG9YgRK2_eyZI1qjU,ChIJyRb7_u-n9YgRaFRK94xpvAo,NA,NA,NA,NA
ChIJB8TKDWcG9YgRFb5zVMPFunE,ChIJyRb7_u-n9YgRaFRK94xpvAo,40 mins,2376,6.8 mi,10943
ChIJC7wmEAQH9YgROuJafMdeXsk,ChIJyRb7_u-n9YgRaFRK94xpvAo,1 hour 2 mins,3690,15.2 mi,24395
ChIJeedVRL0H9YgRu5eYFeH-DKU,ChIJyRb7_u-n9YgRaFRK94xpvAo,53 mins,3208,8.6 mi,13806
ChIJfehHrQUH9YgRKnL4DwGrDhU,ChIJyRb7_u-n9YgRaFRK94xpvAo,1 hour 6 mins,3966,10.3 mi,16535
ChIJhWLSGIwG9YgR5WcZORRvFJo,ChIJyRb7_u-n9YgRaFRK94xpvAo,1 hour 16 mins,4589,12.4 mi,19985
ChIJIc2D_q0H9YgRVrD1ozvNzhc,ChIJyRb7_u-n9YgRaFRK94xpvAo,37 mins,2249,5.5 mi,8845
ChIJjecqBo8G9YgRqaw1fjh8UMU,ChIJyRb7_u-n9YgRaFRK94xpvAo,1 hour 16 mins,4574,12.6 mi,20269
ChIJJZqElWEG9YgR6Ngn9b7K3D4,ChIJyRb7_u-n9YgRaFRK94xpvAo,51 mins,3039,7.3 mi,11755
ChIJkcHkLvgG9YgRzbaHxVmKuJo,ChIJyRb7_u-n9YgRaFRK94xpvAo,1 hour 20 mins,4778,11.4 mi,18388
ChIJo7CNJwUH9YgR2xhF5Uo0dGA,ChIJyRb7_u-n9YgRaFRK94xpvAo,1 hour 5 mins,3887,15.5 mi,24966
ChIJsRe5XEIG9YgRe-hoXw3_tFM,ChIJyRb7_u-n9YgRaFRK94xpvAo,33 mins,1976,6.2 mi,10056
ChIJSV9tUUwG9YgRsrL0aEx5jTo,ChIJyRb7_u-n9YgRaFRK94xpvAo,26 mins,1545,5.3 mi,8513
ChIJTbb0pbEH9YgR2kAihVjDDKo,ChIJyRb7_u-n9YgRaFRK94xpvAo,37 mins,2224,5.1 mi,8169
ChIJu5CdSV8G9YgRB-0bBA7revs,ChIJyRb7_u-n9YgRaFRK94xpvAo,57 mins,3391,8.0 mi,12870
ChIJV5SX-aoH9YgRS3Dh9N7VMr4,ChIJyRb7_u-n9YgRaFRK94xpvAo,58 mins,3497,6.8 mi,11010
ChIJV5Wf0mgG9YgRmit_ie4TxqQ,ChIJyRb7_u-n9YgRaFRK94xpvAo,31 mins,1855,6.6 mi,10544
ChIJz8w6MGoG9YgRDRiFURwaLns,ChIJyRb7_u-n9YgRaFRK94xpvAo,32 mins,1895,6.4 mi,10281
ChIJ__Xc_XQG9YgRlsRhrX64StQ,ChIJyRb7_u-n9YgRaFRK94xpvAo,40 mins,2426,8.1 mi,13016
ChIJ2RRfP8MF9YgRCKQkvnkAn20,ChIJyRb7_u-n9YgRaFRK94xpvAo,41 mins,2468,8.7 mi,14059
ChIJ803JhhQG9YgR9zyh4BchJWY,ChIJyRb7_u-n9YgRaFRK94xpvAo,47 mins,2827,7.1 mi,11442
ChIJ85HlDMEF9YgR0Nmz-e-au2g,ChIJyRb7_u-n9YgRaFRK94xpvAo,49 mins,2926,9.5 mi,15356
ChIJ8WTkOdgF9YgR80zz6-QWbxE,ChIJyRb7_u-n9YgRaFRK94xpvAo,39 mins,2356,7.8 mi,12496
ChIJC9bIKP8F9YgRNoJ0K-lXbyA,ChIJyRb7_u-n9YgRaFRK94xpvAo,54 mins,3244,12.2 mi,19571
ChIJdy2CbMgF9YgR3czre4qxDCs,ChIJyRb7_u-n9YgRaFRK94xpvAo,53 mins,3156,9.2 mi,14784
ChIJfW3-t9wF9YgRjHlBXPjRgXA,ChIJyRb7_u-n9YgRaFRK94xpvAo,41 mins,2474,8.7 mi,14068
ChIJG3k3Aw0G9YgRGSM3h6zldH0,ChIJyRb7_u-n9YgRaFRK94xpvAo,52 mins,3092,8.7 mi,13952
ChIJGaBh5c8F9YgRlQDyTXLXnKw,ChIJyRb7_u-n9YgRaFRK94xpvAo,53 mins,3175,9.3 mi,15010
ChIJJazUEhMG9YgRFfkfCsINlQA,ChIJyRb7_u-n9YgRaFRK94xpvAo,48 mins,2892,7.2 mi,11573
ChIJk77_iAoG9YgRNCrAR0QzDDM,ChIJyRb7_u-n9YgRaFRK94xpvAo,37 mins,2243,7.7 mi,12383
ChIJnevENckF9YgRvSn2EidUg4A,ChIJyRb7_u-n9YgRaFRK94xpvAo,51 mins,3042,9.1 mi,14582
ChIJr1bajcEF9YgRpfDHSnEViwE,ChIJyRb7_u-n9YgRaFRK94xpvAo,47 mins,2810,13.7 mi,22039
ChIJsdUFTOgF9YgRHdpLgCzkB70,ChIJyRb7_u-n9YgRaFRK94xpvAo,48 mins,2876,9.5 mi,15314
ChIJSxVG_rUF9YgRuXBmU2Vjwb4,ChIJyRb7_u-n9YgRaFRK94xpvAo,50 mins,3016,9.3 mi,14946
ChIJy3eQeDME9YgR7E8mulg4bpY,ChIJyRb7_u-n9YgRaFRK94xpvAo,58 mins,3478,10.3 mi,16571
ChIJz1AoBcQF9YgRwVAr1QKMmns,ChIJyRb7_u-n9YgRaFRK94xpvAo,50 mins,2984,9.2 mi,14741
ChIJzRHoqeEF9YgRg7ONTjNe_18,ChIJyRb7_u-n9YgRaFRK94xpvAo,53 mins,3198,8.7 mi,13966
ChIJzZBrQcEF9YgR5Kubbeiim0U,ChIJyRb7_u-n9YgRaFRK94xpvAo,49 mins,2956,9.1 mi,14668
ChIJ09drPFoF9YgRm8EhOiNNsV8,ChIJyRb7_u-n9YgRaFRK94xpvAo,1 hour 47 mins,6413,21.8 mi,35034
ChIJ09drPFoF9YgRWwZpt4TGl3U,ChIJyRb7_u-n9YgRaFRK94xpvAo,1 hour 47 mins,6413,21.8 mi,35034
ChIJ3dj-pPgP9YgRe4Sp3-TNDhw,ChIJyRb7_u-n9YgRaFRK94xpvAo,1 hour 46 mins,6368,21.8 mi,35015
ChIJ97VI9VoF9YgRwYiYlTfhC6U,ChIJyRb7_u-n9YgRaFRK94xpvAo,1 hour 43 mins,6195,22.0 mi,35457
ChIJa08eqiUF9YgR8TYVPqDVwGc,ChIJyRb7_u-n9YgRaFRK94xpvAo,1 hour 40 mins,6004,16.2 mi,26092
ChIJCQcCUc4a9YgRaN91BKQ6s3Y,ChIJyRb7_u-n9YgRaFRK94xpvAo,1 hour 29 mins,5344,22.5 mi,36203
ChIJedSMsCUF9YgRKP0PSCjW6O8,ChIJyRb7_u-n9YgRaFRK94xpvAo,1 hour 40 mins,6004,16.2 mi,26092
ChIJIRy-zDoF9YgRywiG-ddiN3c,ChIJyRb7_u-n9YgRaFRK94xpvAo,1 hour 42 mins,6122,16.3 mi,26252
ChIJN8iGSh8F9YgRxJc7UCW1ZJQ,ChIJyRb7_u-n9YgRaFRK94xpvAo,1 hour 40 mins,6004,20.8 mi,33470
ChIJTxUEElYF9YgR4vrM64oRNJU,ChIJyRb7_u-n9YgRaFRK94xpvAo,1 hour 44 mins,6253,21.7 mi,34877
ChIJ_2uXnFAP9YgRHrWUXkVukLo,ChIJyRb7_u-n9YgRaFRK94xpvAo,1 hour 10 mins,4179,12.9 mi,20766
ChIJ4wF0BFkP9YgRnKTWAzg9yaY,ChIJyRb7_u-n9YgRaFRK94xpvAo,55 mins,3326,11.6 mi,18651
ChIJ7UzZAFYP9YgRVDhk2T1Weak,ChIJyRb7_u-n9YgRaFRK94xpvAo,53 mins,3163,12.1 mi,19501
ChIJCWk2bFUP9YgR4iC3X9o6T5Q,ChIJyRb7_u-n9YgRaFRK94xpvAo,51 mins,3048,12.0 mi,19326
ChIJe4dvDVQP9YgRGP-PmfaxAhU,ChIJyRb7_u-n9YgRaFRK94xpvAo,57 mins,3392,12.3 mi,19804
ChIJe4dvDVQP9YgRyBXxJjF9rdM,ChIJyRb7_u-n9YgRaFRK94xpvAo,55 mins,3328,12.3 mi,19730
ChIJEc6gGa0I9YgRf2J1pa1m_GY,ChIJyRb7_u-n9YgRaFRK94xpvAo,1 hour 2 mins,3720,11.1 mi,17936
ChIJI5sLCVkP9YgR19V5RiDmOEE,ChIJyRb7_u-n9YgRaFRK94xpvAo,57 mins,3405,11.6 mi,18748
ChIJj4snVVQP9YgRNEH8W85VcgM,ChIJyRb7_u-n9YgRaFRK94xpvAo,58 mins,3462,12.3 mi,19855
ChIJlX9aRlQP9YgRI2Maen0Oafs,ChIJyRb7_u-n9YgRaFRK94xpvAo,56 mins,3348,12.3 mi,19753
ChIJNSJrSVoP9YgRSMZZpz_ahDM,ChIJyRb7_u-n9YgRaFRK94xpvAo,1 hour 11 mins,4271,13.0 mi,20871
ChIJVav4k6kI9YgRW0cuV9IUq9U,ChIJyRb7_u-n9YgRaFRK94xpvAo,1 hour 5 mins,3871,12.7 mi,20407
ChIJ0wjWWBcQ9YgRFKBVlWnHDBk,ChIJyRb7_u-n9YgRaFRK94xpvAo,1 hour 38 mins,5883,20.0 mi,32114
ChIJ3fi9ZRgQ9YgRR1Iz2sLbaT4,ChIJyRb7_u-n9YgRaFRK94xpvAo,1 hour 41 mins,6088,20.1 mi,32323
ChIJ81kKxUgQ9YgRs6JPuObL9qw,ChIJyRb7_u-n9YgRaFRK94xpvAo,1 hour 39 mins,5968,21.5 mi,34593
ChIJETSoBToF9YgRVXsdK1M0-LQ,ChIJyRb7_u-n9YgRaFRK94xpvAo,1 hour 35 mins,5713,21.5 mi,34628
ChIJg2och1oF9YgR25HGHDJ-rgc,ChIJyRb7_u-n9YgRaFRK94xpvAo,1 hour 42 mins,6141,21.9 mi,35304
ChIJh4wNJTcQ9YgR25e_17Ys1-E,ChIJyRb7_u-n9YgRaFRK94xpvAo,1 hour 47 mins,6447,21.8 mi,35086
ChIJN7qUv1kF9YgRvYRaPgbkBGI,ChIJyRb7_u-n9YgRaFRK94xpvAo,1 hour 46 mins,6344,21.7 mi,34926
ChIJNamvRfoP9YgRCjDSqnrAG6Q,ChIJyRb7_u-n9YgRaFRK94xpvAo,1 hour 41 mins,6071,21.0 mi,33773
ChIJS80trzAQ9YgRa-f8dpVrOEw,ChIJyRb7_u-n9YgRaFRK94xpvAo,1 hour 45 mins,6302,21.7 mi,34864
ChIJS80trzAQ9YgRFt2WgzY3VH8,ChIJyRb7_u-n9YgRaFRK94xpvAo,1 hour 48 mins,6489,22.7 mi,36539
ChIJt6bWWDIQ9YgRTs1TY5hNY7I,ChIJyRb7_u-n9YgRaFRK94xpvAo,1 hour 51 mins,6634,26.9 mi,43336
ChIJW0mGkB4F9YgRHMJuzeSOl_A,ChIJyRb7_u-n9YgRaFRK94xpvAo,1 hour 25 mins,5094,20.4 mi,32904
ChIJ0ULcmIoL9YgRgRwa739OLWg,ChIJyRb7_u-n9YgRaFRK94xpvAo,1 hour 27 mins,5201,20.2 mi,32489
ChIJ1yE_UWYJ9YgRPVkQxK-9Slg,ChIJyRb7_u-n9YgRaFRK94xpvAo,1 hour 21 mins,4837,18.1 mi,29143
ChIJ5YknlW0M9YgRT3Oka9cmBHw,ChIJyRb7_u-n9YgRaFRK94xpvAo,1 hour 59 mins,7160,27.7 mi,44572
ChIJ70s6LBgM9YgRDRzN-AQ1yYw,ChIJyRb7_u-n9YgRaFRK94xpvAo,1 hour 45 mins,6322,21.3 mi,34316
ChIJ7R-kJAUM9YgRusIQgCq7rFU,ChIJyRb7_u-n9YgRaFRK94xpvAo,1 hour 37 mins,5840,19.6 mi,31594
ChIJFdbmU_gL9YgRywc3Eql5hyY,ChIJyRb7_u-n9YgRaFRK94xpvAo,1 hour 14 mins,4450,19.6 mi,31542
ChIJFwQu8XkM9YgR3rMXxBjViHk,ChIJyRb7_u-n9YgRaFRK94xpvAo,1 hour 40 mins,5970,25.7 mi,41320
ChIJG92kx8MO9YgRjCqZiUEeji4,ChIJyRb7_u-n9YgRaFRK94xpvAo,1 hour 47 mins,6408,16.1 mi,25841
ChIJkQOvpE4J9YgRVR5zS5M212A,ChIJyRb7_u-n9YgRaFRK94xpvAo,1 hour 21 mins,4854,21.8 mi,35076
ChIJmQiIigkM9YgRzCnoX3duOL4,ChIJyRb7_u-n9YgRaFRK94xpvAo,1 hour 21 mins,4839,19.9 mi,31966
ChIJo4f0cZUO9YgRz3Z--bpsNBQ,ChIJyRb7_u-n9YgRaFRK94xpvAo,1 hour 41 mins,6031,16.5 mi,26479
ChIJobToEGYM9YgROU5Lu-5ulKQ,ChIJyRb7_u-n9YgRaFRK94xpvAo,2 hours 3 mins,7406,28.3 mi,45533
ChIJpx0Vo1IJ9YgRspDRNCTBxEs,ChIJyRb7_u-n9YgRaFRK94xpvAo,1 hour 16 mins,4535,17.9 mi,28833
ChIJqTY1k3MM9YgRk_uEy1w9eMc,ChIJyRb7_u-n9YgRaFRK94xpvAo,1 hour 40 mins,6013,20.8 mi,33507
ChIJ-S6Y7hYM9YgRf5YZJaXu9nw,ChIJyRb7_u-n9YgRaFRK94xpvAo,1 hour 49 mins,6527,27.5 mi,44208
ChIJU1kUKVoJ9YgRB5yYSb5DKBM,ChIJyRb7_u-n9YgRaFRK94xpvAo,1 hour 14 mins,4463,17.9 mi,28778
ChIJVX5g0Mbdw4kRNe8XnaaMvq8,ChIJyRb7_u-n9YgRaFRK94xpvAo,1 hour 36 mins,5764,19.6 mi,31603
ChIJW89rg-0O9YgR0M_lvzaIzug,ChIJyRb7_u-n9YgRaFRK94xpvAo,1 hour 44 mins,6266,16.3 mi,26212
ChIJw8diUbEO9YgRgF9oYHkWOUk,ChIJyRb7_u-n9YgRaFRK94xpvAo,1 hour 27 mins,5204,18.3 mi,29403
ChIJWygePuIL9YgRQ-m8XytimhU,ChIJyRb7_u-n9YgRaFRK94xpvAo,1 hour 27 mins,5214,19.3 mi,31120
ChIJx6S6BWcJ9YgRqSl8cKNcGzs,ChIJyRb7_u-n9YgRaFRK94xpvAo,1 hour 24 mins,5028,18.3 mi,29411
ChIJXdM5CxwM9YgRXERZmRFDgD0,ChIJyRb7_u-n9YgRaFRK94xpvAo,1 hour 44 mins,6264,25.9 mi,41734
ChIJyzQbo3MM9YgRKWe4YozhKeM,ChIJyRb7_u-n9YgRaFRK94xpvAo,1 hour 39 mins,5943,20.8 mi,33450
ChIJZSTHNWYM9YgRpq_i-mk6nOg,ChIJyRb7_u-n9YgRaFRK94xpvAo,2 hours 2 mins,7305,28.2 mi,45350
ChIJ_____zsG9YgRX6lCgVSK2oA,ChIJyRb7_u-n9YgRaFRK94xpvAo,44 mins,2659,11.2 mi,18003
ChIJ7aI0m9QH9YgRxiGckNNu9Ak,ChIJyRb7_u-n9YgRaFRK94xpvAo,46 mins,2756,9.4 mi,15107
ChIJAbvZjBkG9YgRrfe24yfNoys,ChIJyRb7_u-n9YgRaFRK94xpvAo,50 mins,3012,10.3 mi,16522
ChIJbZJlb5wI9YgR9e--MYpHi80,ChIJyRb7_u-n9YgRaFRK94xpvAo,49 mins,2919,9.4 mi,15163
ChIJc5-eQywG9YgRZ8kcLMDCC8k,ChIJyRb7_u-n9YgRaFRK94xpvAo,48 mins,2866,9.7 mi,15567
ChIJDy-09SMG9YgRd_OqU2zpN98,ChIJyRb7_u-n9YgRaFRK94xpvAo,1 hour 8 mins,4063,11.1 mi,17891
ChIJIZQLKGoG9YgRKbEH2xAbUu0,ChIJyRb7_u-n9YgRaFRK94xpvAo,33 mins,1987,6.5 mi,10391
ChIJjSdS3rQH9YgR0GD4IyzFIPs,ChIJyRb7_u-n9YgRaFRK94xpvAo,24 mins,1453,4.8 mi,7798
ChIJjWWNUjoG9YgRJ1Rmz-ZYpT8,ChIJyRb7_u-n9YgRaFRK94xpvAo,53 mins,3191,10.5 mi,16941
ChIJLXidPjQG9YgRfvwfVWHnsVU,ChIJyRb7_u-n9YgRaFRK94xpvAo,39 mins,2347,5.6 mi,8960
ChIJM3idPjQG9YgRGgMGYOsXhsE,ChIJyRb7_u-n9YgRaFRK94xpvAo,32 mins,1944,5.3 mi,8454
ChIJtRepayoG9YgRU30mw28fKeE,ChIJyRb7_u-n9YgRaFRK94xpvAo,45 mins,2671,11.1 mi,17852
ChIJyQbtDTAG9YgRZdYYKW5SWpQ,ChIJyRb7_u-n9YgRaFRK94xpvAo,51 mins,3059,10.3 mi,16655
ChIJYzx1rS0G9YgRDf4abUG7BZY,ChIJyRb7_u-n9YgRaFRK94xpvAo,49 mins,2942,9.8 mi,15826
ChIJ-3vZApse9YgR-2x7VO8Gtf0,ChIJyRb7_u-n9YgRaFRK94xpvAo,2 hours 5 mins,7528,24.5 mi,39490
ChIJ7fFNK-nh9IgR6fRrwlpzFT4,ChIJyRb7_u-n9YgRaFRK94xpvAo,2 hours 4 mins,7414,34.2 mi,55100
ChIJDRQp4asf9YgR-kZFTeQKqMk,ChIJyRb7_u-n9YgRaFRK94xpvAo,2 hours 26 mins,8757,28.3 mi,45552
ChIJ-dWrBJse9YgRN1s3-UKYsbM,ChIJyRb7_u-n9YgRaFRK94xpvAo,2 hours 8 mins,7658,24.5 mi,39399
ChIJ-fR4NPMd9YgRg_sWMaqK2hA,ChIJyRb7_u-n9YgRaFRK94xpvAo,NA,NA,NA,NA
ChIJh8rlNHHi9IgRvH0ywfmoZTo,ChIJyRb7_u-n9YgRaFRK94xpvAo,1 hour 49 mins,6543,30.4 mi,48972
ChIJj6mqAN3h9IgRZF0QN189OcU,ChIJyRb7_u-n9YgRaFRK94xpvAo,2 hours 17 mins,8195,34.8 mi,56067
ChIJkTEAv38e9YgRCEekph-2RNw,ChIJyRb7_u-n9YgRaFRK94xpvAo,2 hours 1 min,7247,28.5 mi,45888
ChIJm8SR6Doc9YgRu3nOllVva6M,ChIJyRb7_u-n9YgRaFRK94xpvAo,1 hour 48 mins,6487,23.8 mi,38317
ChIJmVmXNQ889YgRVjheVc5aW8g,ChIJyRb7_u-n9YgRaFRK94xpvAo,1 hour 41 mins,6058,24.1 mi,38816
ChIJmW1wWxIg9YgRaBlhPy8AyUk,ChIJyRb7_u-n9YgRaFRK94xpvAo,NA,NA,NA,NA
ChIJr-AV544d9YgRh3n3yBdcrr8,ChIJyRb7_u-n9YgRaFRK94xpvAo,1 hour 39 mins,5912,24.0 mi,38643
ChIJRcSawDIc9YgR8Rf0Y-o4FJk,ChIJyRb7_u-n9YgRaFRK94xpvAo,1 hour 53 mins,6800,27.5 mi,44318
ChIJrWrn7S0c9YgRWOb6yUw-Sj0,ChIJyRb7_u-n9YgRaFRK94xpvAo,1 hour 50 mins,6611,27.5 mi,44239
ChIJs_T94Twc9YgRRC64vK-x9NE,ChIJyRb7_u-n9YgRaFRK94xpvAo,1 hour 44 mins,6227,23.0 mi,37030
ChIJSQAZ_Zoe9YgRguNzjL-Sulw,ChIJyRb7_u-n9YgRaFRK94xpvAo,2 hours 9 mins,7718,24.7 mi,39729
ChIJv5AcRJEf9YgR7mYyDXFAfZM,ChIJyRb7_u-n9YgRaFRK94xpvAo,2 hours 32 mins,9146,30.4 mi,48896
ChIJW816vAkc9YgREy9GnLijbVQ,ChIJyRb7_u-n9YgRaFRK94xpvAo,1 hour 35 mins,5721,22.2 mi,35689
ChIJXbFKEgvi9IgRd2m6A0xz8k4,ChIJyRb7_u-n9YgRaFRK94xpvAo,1 hour 49 mins,6532,30.7 mi,49397
ChIJXQxO6RIg9YgRXuYBKNpq47Y,ChIJyRb7_u-n9YgRaFRK94xpvAo,NA,NA,NA,NA
ChIJy3Jf5xDi9IgRC9TptBw6HM8,ChIJyRb7_u-n9YgRaFRK94xpvAo,1 hour 46 mins,6383,28.9 mi,46539
ChIJzfign-Yd9YgRQd5vgfJKek4,ChIJyRb7_u-n9YgRaFRK94xpvAo,1 hour 55 mins,6887,29.2 mi,47007
ChIJ1yj7vW0E9YgRtbwUb-PwJTY,ChIJyRb7_u-n9YgRaFRK94xpvAo,1 hour 11 mins,4282,18.2 mi,29319
ChIJ3xiOWHIE9YgRtprVpqd9XbI,ChIJyRb7_u-n9YgRaFRK94xpvAo,1 hour 21 mins,4853,18.9 mi,30471
ChIJ8QQ4pnME9YgRuWWISbxlSpo,ChIJyRb7_u-n9YgRaFRK94xpvAo,1 hour 15 mins,4489,18.7 mi,30029
ChIJD0Z-VG4E9YgRaEh0O7-_CGg,ChIJyRb7_u-n9YgRaFRK94xpvAo,1 hour 3 mins,3770,17.8 mi,28675
ChIJd3BEXW4E9YgRETdcWQdXtxw,ChIJyRb7_u-n9YgRaFRK94xpvAo,1 hour 5 mins,3873,17.9 mi,28822
ChIJdxCs1WQE9YgRAa7aoLrMgwg,ChIJyRb7_u-n9YgRaFRK94xpvAo,1 hour 1 min,3663,17.8 mi,28573
ChIJeVwPTGwE9YgRVoLQt21YZ7Y,ChIJyRb7_u-n9YgRaFRK94xpvAo,1 hour 8 mins,4098,18.1 mi,29054
ChIJE-xewnEE9YgR4cwBzKD4qBo,ChIJyRb7_u-n9YgRaFRK94xpvAo,1 hour 7 mins,4032,18.0 mi,29032
ChIJE-xewnEE9YgR5fc5P36zMa4,ChIJyRb7_u-n9YgRaFRK94xpvAo,1 hour 7 mins,4036,18.0 mi,29039
ChIJEz8P2G0E9YgR904FTfStLo8,ChIJyRb7_u-n9YgRaFRK94xpvAo,1 hour 6 mins,3989,18.0 mi,28951
ChIJI1qSLW0E9YgRqdRJa0rBDfQ,ChIJyRb7_u-n9YgRaFRK94xpvAo,1 hour 12 mins,4318,18.3 mi,29383
ChIJla4DuXwE9YgR3yCtvTqd2WA,ChIJyRb7_u-n9YgRaFRK94xpvAo,1 hour 10 mins,4198,18.2 mi,29250
ChIJn1b6XW4E9YgR50q8c90fnZc,ChIJyRb7_u-n9YgRaFRK94xpvAo,1 hour 5 mins,3878,17.9 mi,28830
ChIJo0YKQ28E9YgRGLjQjVGmGlQ,ChIJyRb7_u-n9YgRaFRK94xpvAo,1 hour 2 mins,3741,17.8 mi,28690
ChIJOUonqHAE9YgRir5CGBoKHRc,ChIJyRb7_u-n9YgRaFRK94xpvAo,1 hour 3 mins,3774,18.1 mi,29176
ChIJr7zKzGcE9YgRruPzIkImKgc,ChIJyRb7_u-n9YgRaFRK94xpvAo,1 hour 1 min,3681,17.2 mi,27752
ChIJS5N0VGME9YgR2ceU70RzXCU,ChIJyRb7_u-n9YgRaFRK94xpvAo,1 hour 3 mins,3761,17.8 mi,28657
ChIJucyj5G4E9YgRKbzrbsQTSRc,ChIJyRb7_u-n9YgRaFRK94xpvAo,1 hour 3 mins,3766,17.8 mi,28671
ChIJW753I3EE9YgRMSMt73h22A8,ChIJyRb7_u-n9YgRaFRK94xpvAo,1 hour 9 mins,4124,18.3 mi,29512
ChIJW753I3EE9YgRPIrVZI9jerE,ChIJyRb7_u-n9YgRaFRK94xpvAo,1 hour 10 mins,4178,18.4 mi,29568
ChIJX7tx_GgE9YgRAOWMgxKNZII,ChIJyRb7_u-n9YgRaFRK94xpvAo,1 hour 4 mins,3830,17.4 mi,27984
ChIJ7arXRw8b9YgRsa2djfUHQ6U,ChIJyRb7_u-n9YgRaFRK94xpvAo,1 hour 38 mins,5898,21.9 mi,35190
ChIJ90XG4wYf9YgRTAGqX5RvXz8,ChIJyRb7_u-n9YgRaFRK94xpvAo,2 hours 5 mins,7470,31.9 mi,51302
ChIJ944MqJcb9YgRTqQqqbWx3qo,ChIJyRb7_u-n9YgRaFRK94xpvAo,1 hour 49 mins,6522,23.4 mi,37608
ChIJbd9rjykZ9YgRckz0Sa1A9RA,ChIJyRb7_u-n9YgRaFRK94xpvAo,1 hour 44 mins,6261,26.3 mi,42316
ChIJc9Xqwdch9YgRmghkabY13io,ChIJyRb7_u-n9YgRaFRK94xpvAo,NA,NA,NA,NA
ChIJGbPbVz4Z9YgRLcE1axgkZdw,ChIJyRb7_u-n9YgRaFRK94xpvAo,2 hours 11 mins,7875,27.2 mi,43723
ChIJjXV6RL8e9YgRgiaXuEIquJ0,ChIJyRb7_u-n9YgRaFRK94xpvAo,1 hour 53 mins,6802,30.2 mi,48552
ChIJpbweIwgf9YgRVkCRYEe9Fus,ChIJyRb7_u-n9YgRaFRK94xpvAo,2 hours 19 mins,8358,28.2 mi,45386
ChIJQWoFiD4Z9YgReHurOBz9reM,ChIJyRb7_u-n9YgRaFRK94xpvAo,2 hours 5 mins,7520,30.5 mi,49006
ChIJrWsmACYZ9YgRJVDIVzuuc4k,ChIJyRb7_u-n9YgRaFRK94xpvAo,1 hour 47 mins,6395,26.4 mi,42475
ChIJrWsmACYZ9YgRZ0cGSU7n0HQ,ChIJyRb7_u-n9YgRaFRK94xpvAo,1 hour 56 mins,6946,30.5 mi,49136
ChIJUZE17Qkf9YgRyZgHcuZFcaQ,ChIJyRb7_u-n9YgRaFRK94xpvAo,2 hours 18 mins,8303,28.2 mi,45322
ChIJv138xBgZ9YgRE93mz7QCYiE,ChIJyRb7_u-n9YgRaFRK94xpvAo,2 hours 26 mins,8766,31.1 mi,49995
ChIJ2e4G7J_i9IgRincdA8V92Fg,ChIJyRb7_u-n9YgRaFRK94xpvAo,1 hour 30 mins,5375,22.8 mi,36686
ChIJ2-HJchjj9IgRGmw19ul-F3Q,ChIJyRb7_u-n9YgRaFRK94xpvAo,1 hour 43 mins,6170,27.3 mi,43865
ChIJ543ZSbPi9IgRVhYANtrcV14,ChIJyRb7_u-n9YgRaFRK94xpvAo,1 hour 35 mins,5708,23.9 mi,38469
ChIJ8Y_NOfXi9IgRzBzvsK8736Q,ChIJyRb7_u-n9YgRaFRK94xpvAo,1 hour 37 mins,5824,25.8 mi,41563
ChIJA33IZl3i9IgRMEXrJZ3VNe8,ChIJyRb7_u-n9YgRaFRK94xpvAo,1 hour 44 mins,6265,26.7 mi,42974
ChIJaTaiAh_j9IgRoxEeIFC1WAo,ChIJyRb7_u-n9YgRaFRK94xpvAo,1 hour 35 mins,5677,25.2 mi,40592
ChIJcd1dj_Pi9IgRhQK0SXkHw1c,ChIJyRb7_u-n9YgRaFRK94xpvAo,1 hour 38 mins,5851,25.3 mi,40777
ChIJcfnlGTrj9IgRJz24JmspOqo,ChIJyRb7_u-n9YgRaFRK94xpvAo,1 hour 46 mins,6347,28.1 mi,45207
ChIJCTFcYDvj9IgRBm2yIjyUF0U,ChIJyRb7_u-n9YgRaFRK94xpvAo,1 hour 45 mins,6310,27.5 mi,44325
ChIJFR8wgpji9IgR3aIvnCquR20,ChIJyRb7_u-n9YgRaFRK94xpvAo,1 hour 43 mins,6178,23.8 mi,38339
ChIJHeWMqyTj9IgR5MM5-mtLUgc,ChIJyRb7_u-n9YgRaFRK94xpvAo,1 hour 39 mins,5958,27.5 mi,44183
ChIJHQLzYU3i9IgRqVRQAIGBbE0,ChIJyRb7_u-n9YgRaFRK94xpvAo,1 hour 45 mins,6272,27.6 mi,44478
ChIJiy4dmKfj9IgRpLTsQerwiIc,ChIJyRb7_u-n9YgRaFRK94xpvAo,1 hour 45 mins,6321,26.8 mi,43077
ChIJk7Y0_1vi9IgRS4iz1Z2eBRw,ChIJyRb7_u-n9YgRaFRK94xpvAo,1 hour 44 mins,6257,26.7 mi,42966
ChIJKTc_mwHj9IgRA0jhgiU6mpE,ChIJyRb7_u-n9YgRaFRK94xpvAo,1 hour 37 mins,5821,25.4 mi,40929
ChIJoYQ7eU3i9IgR427u5u0AGYU,ChIJyRb7_u-n9YgRaFRK94xpvAo,1 hour 45 mins,6281,27.6 mi,44492
ChIJp50QFl7i9IgRargt4McMnrg,ChIJyRb7_u-n9YgRaFRK94xpvAo,1 hour 39 mins,5947,25.9 mi,41677
ChIJp50QFl7i9IgRkbqWBK6rxlU,ChIJyRb7_u-n9YgRaFRK94xpvAo,1 hour 39 mins,5947,25.9 mi,41677
ChIJuUkhYI3i9IgREgk-OOFtzT8,ChIJyRb7_u-n9YgRaFRK94xpvAo,1 hour 34 mins,5654,25.2 mi,40524
ChIJVTrhAgLj9IgROyZyB7Y7N4E,ChIJyRb7_u-n9YgRaFRK94xpvAo,1 hour 36 mins,5770,25.4 mi,40898
ChIJ4b5yNH8J9YgR0RjGtq012sY,ChIJyRb7_u-n9YgRaFRK94xpvAo,1 hour 1 min,3668,11.6 mi,18658
ChIJ6__uyYQJ9YgRD_9d1CwTQNE,ChIJyRb7_u-n9YgRaFRK94xpvAo,59 mins,3567,10.7 mi,17197
ChIJ6yHvKYQJ9YgRMC6loL1NcXg,ChIJyRb7_u-n9YgRaFRK94xpvAo,59 mins,3540,11.0 mi,17635
ChIJBc0y6_UL9YgRhrbAci6LqH8,ChIJyRb7_u-n9YgRaFRK94xpvAo,1 hour 20 mins,4793,19.8 mi,31905
ChIJbUsVvF0J9YgR2nGU0fVeqdU,ChIJyRb7_u-n9YgRaFRK94xpvAo,1 hour 18 mins,4690,18.0 mi,28971
ChIJD3xJiY0J9YgRhR_PqV5ggPY,ChIJyRb7_u-n9YgRaFRK94xpvAo,1 hour 0 mins,3571,10.5 mi,16973
ChIJ-d535HcJ9YgRI3ZSIwKihCw,ChIJyRb7_u-n9YgRaFRK94xpvAo,1 hour 5 mins,3905,11.4 mi,18324
ChIJi_u7RlgJ9YgRgJLcya5fsvQ,ChIJyRb7_u-n9YgRaFRK94xpvAo,1 hour 24 mins,5035,19.2 mi,30913
ChIJLd6Y0uEL9YgRgzPGe1Fm7D4,ChIJyRb7_u-n9YgRaFRK94xpvAo,1 hour 30 mins,5413,19.5 mi,31333
ChIJlY0CQ3gJ9YgRGII84Sd5W88,ChIJyRb7_u-n9YgRaFRK94xpvAo,1 hour 0 mins,3588,11.1 mi,17898
ChIJlZol74QJ9YgRWFy5Vhi9kiQ,ChIJyRb7_u-n9YgRaFRK94xpvAo,1 hour 0 mins,3576,10.7 mi,17209
ChIJnSwPPZoJ9YgR02yI2ebrSHI,ChIJyRb7_u-n9YgRaFRK94xpvAo,56 mins,3372,10.2 mi,16450
ChIJPczPf1MJ9YgRpB8e8QoOmcE,ChIJyRb7_u-n9YgRaFRK94xpvAo,1 hour 21 mins,4872,22.8 mi,36620
ChIJQSLg9P4L9YgR6oQp51eC2G8,ChIJyRb7_u-n9YgRaFRK94xpvAo,1 hour 13 mins,4383,18.6 mi,29913
ChIJqT7egOSW9YgRUeTFg3_sLwI,ChIJyRb7_u-n9YgRaFRK94xpvAo,1 hour 0 mins,3605,11.0 mi,17646
ChIJv5WapokJ9YgRrgJOmY3GRKQ,ChIJyRb7_u-n9YgRaFRK94xpvAo,1 hour 6 mins,3969,11.3 mi,18158
ChIJW1Qt1uAL9YgR9sVfG72U3js,ChIJyRb7_u-n9YgRaFRK94xpvAo,1 hour 34 mins,5658,19.7 mi,31681
ChIJXyiVwWAJ9YgR4PfCs4sLofE,ChIJyRb7_u-n9YgRaFRK94xpvAo,1 hour 23 mins,5000,18.3 mi,29377
ChIJZyXzDngJ9YgRCfZbCYVVAtg,ChIJyRb7_u-n9YgRaFRK94xpvAo,1 hour 0 mins,3624,11.2 mi,17953
ChIJ_agfvWkQ9YgRYzIeNL58NPA,ChIJyRb7_u-n9YgRaFRK94xpvAo,1 hour 42 mins,6114,27.2 mi,43770
ChIJ_bMHlsoR9YgRrR2YAsO_XIk,ChIJyRb7_u-n9YgRaFRK94xpvAo,1 hour 53 mins,6763,29.3 mi,47092
ChIJ0_-EoWUQ9YgRyq3u6Jup570,ChIJyRb7_u-n9YgRaFRK94xpvAo,1 hour 48 mins,6486,21.1 mi,34030
ChIJ8YFaVbUR9YgRMgyDCfI_rAQ,ChIJyRb7_u-n9YgRaFRK94xpvAo,2 hours 1 min,7245,26.6 mi,42743
ChIJBc9D5hUQ9YgRHSamqOucf2M,ChIJyRb7_u-n9YgRaFRK94xpvAo,1 hour 32 mins,5497,20.3 mi,32747
ChIJ-cqNMjMQ9YgRaqnBef8t7GY,ChIJyRb7_u-n9YgRaFRK94xpvAo,1 hour 48 mins,6460,26.8 mi,43100
ChIJec4vSTwQ9YgRLyIcen1xjZ4,ChIJyRb7_u-n9YgRaFRK94xpvAo,1 hour 44 mins,6233,20.8 mi,33538
ChIJh5K_ZF4a9YgRLCWLe0Fb--M,ChIJyRb7_u-n9YgRaFRK94xpvAo,2 hours 48 mins,10081,32.9 mi,52997
ChIJKesEGIAQ9YgRRqD1OSRfKg8,ChIJyRb7_u-n9YgRaFRK94xpvAo,2 hours 3 mins,7401,28.3 mi,45558
ChIJMYpfRF0Q9YgRe-Q1w1PwNAI,ChIJyRb7_u-n9YgRaFRK94xpvAo,1 hour 37 mins,5798,27.0 mi,43447
ChIJn7e4lMsR9YgRHa89TN1tdBg,ChIJyRb7_u-n9YgRaFRK94xpvAo,1 hour 50 mins,6604,29.1 mi,46902
ChIJPULQdoAQ9YgRTvI9R6oMKNo,ChIJyRb7_u-n9YgRaFRK94xpvAo,2 hours 5 mins,7476,28.4 mi,45655
ChIJsUXZazMQ9YgRFavsMD_TYGo,ChIJyRb7_u-n9YgRaFRK94xpvAo,1 hour 37 mins,5832,26.2 mi,42229
ChIJTTQ4H38Q9YgR8jxIh4TXn1k,ChIJyRb7_u-n9YgRaFRK94xpvAo,2 hours 12 mins,7936,28.8 mi,46272
ChIJu_6frV0Q9YgRN8zLj1D2S38,ChIJyRb7_u-n9YgRaFRK94xpvAo,1 hour 38 mins,5864,22.1 mi,35490
ChIJW3LJPHwQ9YgR3Xqht1TToW4,ChIJyRb7_u-n9YgRaFRK94xpvAo,2 hours 13 mins,7965,27.9 mi,44946
ChIJ-xoivHsQ9YgRbyCRemT9EyU,ChIJyRb7_u-n9YgRaFRK94xpvAo,2 hours 17 mins,8194,28.9 mi,46558
ChIJyxJGQcoR9YgRJXYlLtzXPlk,ChIJyRb7_u-n9YgRaFRK94xpvAo,1 hour 53 mins,6801,29.3 mi,47097
ChIJ2fI_FQOn9YgRuOd17I0-ElA,ChIJyRb7_u-n9YgRaFRK94xpvAo,1 hour 14 mins,4429,13.7 mi,22108
ChIJ-88PYkan9YgRDg2TfEd8_iY,ChIJyRb7_u-n9YgRaFRK94xpvAo,1 hour 20 mins,4770,12.0 mi,19286
ChIJbw99VgKn9YgRITk2aoXQ0Ec,ChIJyRb7_u-n9YgRaFRK94xpvAo,51 mins,3080,4.9 mi,7810
ChIJc7sDYhmn9YgRclrVXTK2U0o,ChIJyRb7_u-n9YgRaFRK94xpvAo,1 hour 20 mins,4790,13.3 mi,21446
ChIJCeCYpWGn9YgREYvbYRZul0U,ChIJyRb7_u-n9YgRaFRK94xpvAo,1 hour 3 mins,3770,10.8 mi,17355
ChIJDRjb4X-n9YgR4S1ZFfDIiCE,ChIJyRb7_u-n9YgRaFRK94xpvAo,36 mins,2189,5.7 mi,9248
ChIJF2biYwOn9YgR-xtJt_6Zzeo,ChIJyRb7_u-n9YgRaFRK94xpvAo,1 hour 10 mins,4223,13.4 mi,21610
ChIJGdlcO88J9YgRQcNXGtUj_Lc,ChIJyRb7_u-n9YgRaFRK94xpvAo,37 mins,2220,6.5 mi,10400
ChIJIxC1xxCn9YgR93yGGu7rZ7M,ChIJyRb7_u-n9YgRaFRK94xpvAo,45 mins,2724,4.7 mi,7564
ChIJJ4q9v9gJ9YgRP5eaY_oTHfg,ChIJyRb7_u-n9YgRaFRK94xpvAo,55 mins,3324,10.4 mi,16684
ChIJj9MV-P2m9YgRH8odhSySfso,ChIJyRb7_u-n9YgRaFRK94xpvAo,47 mins,2837,4.7 mi,7506
ChIJJZnb3wSn9YgR8JK31kLpBuY,ChIJyRb7_u-n9YgRaFRK94xpvAo,52 mins,3112,5.0 mi,8092
ChIJmRvsgQqn9YgRMMjpp_lI69A,ChIJyRb7_u-n9YgRaFRK94xpvAo,14 mins,835,3.2 mi,5074
ChIJPdpKPNwJ9YgRAdC4TwLdpd8,ChIJyRb7_u-n9YgRaFRK94xpvAo,39 mins,2320,9.6 mi,15452
ChIJSQvP-wKn9YgRjlWAwEa7HTQ,ChIJyRb7_u-n9YgRaFRK94xpvAo,54 mins,3260,5.0 mi,7990
ChIJVcboi0an9YgR_d7mqsd6CUA,ChIJyRb7_u-n9YgRaFRK94xpvAo,1 hour 13 mins,4388,11.7 mi,18840
ChIJw-p-tV2n9YgRY--4wxRulKA,ChIJyRb7_u-n9YgRaFRK94xpvAo,58 mins,3466,10.8 mi,17388
ChIJX2rYphmn9YgRBKiSjhMCnaU,ChIJyRb7_u-n9YgRaFRK94xpvAo,1 hour 18 mins,4676,13.3 mi,21329
ChIJxWtEOxen9YgRBnqBEiAYmZ0,ChIJyRb7_u-n9YgRaFRK94xpvAo,53 mins,3179,5.0 mi,8098
ChIJY_zGjQGn9YgR993zcL4ysmw,ChIJyRb7_u-n9YgRaFRK94xpvAo,49 mins,2916,4.7 mi,7571
ChIJ3zfDO00I9YgRb_Sf8HTQs0A,ChIJyRb7_u-n9YgRaFRK94xpvAo,26 mins,1559,6.6 mi,10678
ChIJ66EU7pwJ9YgRHv9QJuGW0UU,ChIJyRb7_u-n9YgRaFRK94xpvAo,59 mins,3543,10.4 mi,16815
ChIJA7JR60II9YgRPhJjpNNWhXc,ChIJyRb7_u-n9YgRaFRK94xpvAo,44 mins,2640,7.3 mi,11784
ChIJAZ0KmD8I9YgRHdj_CD2GVcQ,ChIJyRb7_u-n9YgRaFRK94xpvAo,45 mins,2697,6.7 mi,10769
ChIJAzJkZpqn9YgRJvUHRfG3xQI,ChIJyRb7_u-n9YgRaFRK94xpvAo,11 mins,680,2.3 mi,3648
ChIJbaSm95Cn9YgR2usgyJI7x_0,ChIJyRb7_u-n9YgRaFRK94xpvAo,11 mins,680,2.3 mi,3644
ChIJE4OvPJcJ9YgRvloEM9ww874,ChIJyRb7_u-n9YgRaFRK94xpvAo,1 hour 3 mins,3785,10.2 mi,16366
ChIJG_uK4MsJ9YgRp-WgHM-89LU,ChIJyRb7_u-n9YgRaFRK94xpvAo,32 mins,1914,6.2 mi,9922
ChIJhzYGcP4I9YgRTsn3ZGDKm08,ChIJyRb7_u-n9YgRaFRK94xpvAo,44 mins,2627,7.6 mi,12284
ChIJKXTxc_4I9YgRmwazPbGHLNw,ChIJyRb7_u-n9YgRaFRK94xpvAo,44 mins,2648,7.7 mi,12312
ChIJl8H6zqGn9YgRNdxuCNtHYRk,ChIJyRb7_u-n9YgRaFRK94xpvAo,14 mins,838,2.9 mi,4698
ChIJLfwdlbUJ9YgRcQe4c43EBvY,ChIJyRb7_u-n9YgRaFRK94xpvAo,32 mins,1947,6.5 mi,10455
ChIJlXxiHp2n9YgRhdEK9pLoyh0,ChIJyRb7_u-n9YgRaFRK94xpvAo,15 mins,921,3.8 mi,6053
ChIJqyJxEpMJ9YgRr5Zhfd1FzmI,ChIJyRb7_u-n9YgRaFRK94xpvAo,1 hour 2 mins,3716,10.5 mi,16909
ChIJr8W_vJsJ9YgRsQrVMO2ciE8,ChIJyRb7_u-n9YgRaFRK94xpvAo,57 mins,3419,10.3 mi,16607
ChIJS_KcCD4I9YgRSIs361Kv7_4,ChIJyRb7_u-n9YgRaFRK94xpvAo,36 mins,2168,6.3 mi,10081
ChIJwYIOjLUJ9YgR8Qjp0U7ffjc,ChIJyRb7_u-n9YgRaFRK94xpvAo,32 mins,1894,6.1 mi,9856
ChIJy06AfKwJ9YgR71xmxz_XYXI,ChIJyRb7_u-n9YgRaFRK94xpvAo,39 mins,2352,7.4 mi,11911
ChIJYT-FLkgI9YgR4o5yVZoNkPo,ChIJyRb7_u-n9YgRaFRK94xpvAo,35 mins,2091,6.6 mi,10567
ChIJ1XC1t2UP9YgRLW5lAKSgO8Y,ChIJyRb7_u-n9YgRaFRK94xpvAo,1 hour 14 mins,4466,16.7 mi,26930
ChIJ3-0bDOwO9YgRH2a8w4anY3o,ChIJyRb7_u-n9YgRaFRK94xpvAo,1 hour 39 mins,5946,16.0 mi,25812
ChIJ4b_vie0O9YgRjhEkEo00kLM,ChIJyRb7_u-n9YgRaFRK94xpvAo,1 hour 46 mins,6363,16.4 mi,26326
ChIJ7W61CxkP9YgREYndZBltPsQ,ChIJyRb7_u-n9YgRaFRK94xpvAo,1 hour 22 mins,4909,18.4 mi,29583
ChIJC61DmjIJ9YgRaOiQlpv-CRY,ChIJyRb7_u-n9YgRaFRK94xpvAo,1 hour 25 mins,5101,21.2 mi,34147
ChIJd3UQY8MO9YgRViDVZyw3Y9M,ChIJyRb7_u-n9YgRaFRK94xpvAo,1 hour 41 mins,6040,15.8 mi,25445
ChIJE-_a2usO9YgRdaueL0-Ad7Q,ChIJyRb7_u-n9YgRaFRK94xpvAo,1 hour 36 mins,5745,15.9 mi,25522
ChIJfXd3vMIO9YgRv3awLKzgC6Y,ChIJyRb7_u-n9YgRaFRK94xpvAo,1 hour 38 mins,5897,15.7 mi,25263
ChIJG9yisW0P9YgRU7vkrj5rxOU,ChIJyRb7_u-n9YgRaFRK94xpvAo,1 hour 19 mins,4755,17.4 mi,28042
ChIJHbgXoB4P9YgRX-BUtSUX0LE,ChIJyRb7_u-n9YgRaFRK94xpvAo,1 hour 24 mins,5052,18.7 mi,30153
ChIJHdEuUs8O9YgRvPYxFIbKnKU,ChIJyRb7_u-n9YgRaFRK94xpvAo,1 hour 18 mins,4662,17.1 mi,27539
ChIJKR4PpBkP9YgRSS6mfT40FIA,ChIJyRb7_u-n9YgRaFRK94xpvAo,1 hour 23 mins,4954,18.4 mi,29642
ChIJLdd1YO4O9YgRiABzf52RPVM,ChIJyRb7_u-n9YgRaFRK94xpvAo,1 hour 40 mins,6028,16.1 mi,25897
ChIJLQ9zueUO9YgRkPoGXTmqpeM,ChIJyRb7_u-n9YgRaFRK94xpvAo,1 hour 33 mins,5575,15.2 mi,24540
ChIJlxULVskO9YgRZBEOiq2IChk,ChIJyRb7_u-n9YgRaFRK94xpvAo,1 hour 14 mins,4412,16.9 mi,27255
ChIJnXP40x4P9YgRYonzZyC_ANE,ChIJyRb7_u-n9YgRaFRK94xpvAo,1 hour 30 mins,5421,14.3 mi,23066
ChIJoUXPFR4P9YgRudrFq3r592Q,ChIJyRb7_u-n9YgRaFRK94xpvAo,1 hour 30 mins,5428,14.6 mi,23520
ChIJtSzbk8QO9YgRfBCxd794DqY,ChIJyRb7_u-n9YgRaFRK94xpvAo,1 hour 27 mins,5222,17.6 mi,28299
ChIJu-Gw4ssO9YgRB4RKGckAvN4,ChIJyRb7_u-n9YgRaFRK94xpvAo,1 hour 13 mins,4409,16.9 mi,27252
ChIJW-jC1msP9YgR1dR0P6Nx2uA,ChIJyRb7_u-n9YgRaFRK94xpvAo,1 hour 16 mins,4573,17.2 mi,27611
ChIJ6Y-10oYD9YgRXHh5MjcxxOg,ChIJyRb7_u-n9YgRaFRK94xpvAo,1 hour 14 mins,4432,17.4 mi,27925
ChIJ3ebLDVvi9IgRu9_lPf6w5Fc,ChIJyRb7_u-n9YgRaFRK94xpvAo,1 hour 42 mins,6103,26.7 mi,42993
ChIJ4eX1vnLi9IgR8buBllF0njg,ChIJyRb7_u-n9YgRaFRK94xpvAo,1 hour 47 mins,6436,27.8 mi,44776
ChIJ6zeUpGni9IgR5talA8OhNN0,ChIJyRb7_u-n9YgRaFRK94xpvAo,1 hour 37 mins,5824,26.6 mi,42883
ChIJ9QrSBZzi9IgRmKHq1RmBb-w,ChIJyRb7_u-n9YgRaFRK94xpvAo,1 hour 30 mins,5416,23.2 mi,37371
ChIJA7iu-xUd9YgReGe_TuN9aKs,ChIJyRb7_u-n9YgRaFRK94xpvAo,1 hour 13 mins,4396,23.6 mi,37986
ChIJDbshVULi9IgRnc7WeUbamCY,ChIJyRb7_u-n9YgRaFRK94xpvAo,1 hour 43 mins,6170,26.6 mi,42799
ChIJf0HuBZvi9IgRuSlscODVgy4,ChIJyRb7_u-n9YgRaFRK94xpvAo,1 hour 32 mins,5541,23.4 mi,37720
ChIJG1ICsTkd9YgR6L8U6xpDsJA,ChIJyRb7_u-n9YgRaFRK94xpvAo,1 hour 30 mins,5373,20.5 mi,33011
ChIJG2Pxn5_i9IgRqayKa4pc4dE,ChIJyRb7_u-n9YgRaFRK94xpvAo,1 hour 31 mins,5485,23.0 mi,37008
ChIJgdpZ5p7i9IgRFVlN5l83DZM,ChIJyRb7_u-n9YgRaFRK94xpvAo,1 hour 32 mins,5521,23.1 mi,37135
ChIJl1o0u0Ed9YgR8qe8ujXln40,ChIJyRb7_u-n9YgRaFRK94xpvAo,1 hour 31 mins,5484,22.3 mi,35968
ChIJPwDmlDAd9YgRHd_C7JoDeCU,ChIJyRb7_u-n9YgRaFRK94xpvAo,1 hour 20 mins,4797,19.9 mi,31969
ChIJR4sUoELi9IgR156Wm0pw7Uk,ChIJyRb7_u-n9YgRaFRK94xpvAo,1 hour 39 mins,5938,26.8 mi,43068
ChIJsewkYZvi9IgR1QoHNL9z-gg,ChIJyRb7_u-n9YgRaFRK94xpvAo,1 hour 31 mins,5482,23.4 mi,37645
ChIJVRJEJ6Di9IgRT7ovOQIj0zo,ChIJyRb7_u-n9YgRaFRK94xpvAo,1 hour 28 mins,5284,22.7 mi,36556
ChIJVZQbfITi9IgR_PAcYDzRlXI,ChIJyRb7_u-n9YgRaFRK94xpvAo,1 hour 34 mins,5626,23.7 mi,38213
ChIJ_____zsG9YgR2jk5dfmn28k,ChIJyRb7_u-n9YgRaFRK94xpvAo,57 mins,3408,7.5 mi,12114
ChIJ_6FHwGwI9YgRNgtIy6ozvz0,ChIJyRb7_u-n9YgRaFRK94xpvAo,54 mins,3224,7.3 mi,11733
ChIJ4W8uZHAI9YgR6KyiJCFNMwE,ChIJyRb7_u-n9YgRaFRK94xpvAo,1 hour 17 mins,4634,8.9 mi,14344
ChIJ61SHmeen9YgRky0uXpMAgfo,ChIJyRb7_u-n9YgRaFRK94xpvAo,13 mins,766,1.5 mi,2439
ChIJ9amWOxQI9YgRE-gr3HIQIic,ChIJyRb7_u-n9YgRaFRK94xpvAo,43 mins,2585,2.1 mi,3363
ChIJBSIr9XEI9YgRNHKq9t_m1ag,ChIJyRb7_u-n9YgRaFRK94xpvAo,1 hour 14 mins,4414,8.3 mi,13304
ChIJedBk8Qeo9YgRnQUI2QXc3zs,ChIJyRb7_u-n9YgRaFRK94xpvAo,21 mins,1268,1.0 mi,1599
ChIJJaKKH2wI9YgRkFuNnnJq55s,ChIJyRb7_u-n9YgRaFRK94xpvAo,54 mins,3222,7.4 mi,11847
ChIJJdkIW92n9YgRBdgth1gVnQQ,ChIJyRb7_u-n9YgRaFRK94xpvAo,12 mins,718,1.5 mi,2411
ChIJkQ7wAOen9YgRiitxdL5g8yw,ChIJyRb7_u-n9YgRaFRK94xpvAo,8 mins,486,0.9 mi,1511
ChIJl9-NQH4I9YgRwstGXSSzJF8,ChIJyRb7_u-n9YgRaFRK94xpvAo,46 mins,2779,11.1 mi,17807
ChIJoe4BZ4QI9YgRfY8whhbNKc8,ChIJyRb7_u-n9YgRaFRK94xpvAo,41 mins,2487,8.8 mi,14205
ChIJpbQTvmkI9YgRavAhnMeywBI,ChIJyRb7_u-n9YgRaFRK94xpvAo,44 mins,2616,7.8 mi,12511
ChIJ-WtZVWgI9YgRMvLfu_S1NQs,ChIJyRb7_u-n9YgRaFRK94xpvAo,42 mins,2496,7.7 mi,12357
ChIJXboupG0I9YgRNckxl9EpQyA,ChIJyRb7_u-n9YgRaFRK94xpvAo,1 hour 13 mins,4389,8.2 mi,13153
ChIJY36REhYI9YgR_MQqWc8s14E,ChIJyRb7_u-n9YgRaFRK94xpvAo,46 mins,2741,2.2 mi,3563
ChIJyQCFO2oI9YgRx3yFhVyNCIE,ChIJyRb7_u-n9YgRaFRK94xpvAo,47 mins,2812,7.9 mi,12758
ChIJz91LrGcI9YgRFCbW9g97a5A,ChIJyRb7_u-n9YgRaFRK94xpvAo,42 mins,2542,8.0 mi,12896
ChIJ0e4FlGYJ9YgRncNYWKvTdHM,ChIJyRb7_u-n9YgRaFRK94xpvAo,1 hour 27 mins,5245,18.4 mi,29654
ChIJ0Uj9h_0L9YgRhod4kpZ5dnw,ChIJyRb7_u-n9YgRaFRK94xpvAo,1 hour 14 mins,4416,18.5 mi,29853
ChIJ2wDWYl4J9YgRhg2TKGG0naY,ChIJyRb7_u-n9YgRaFRK94xpvAo,1 hour 21 mins,4879,18.2 mi,29217
ChIJ3wcPIEwJ9YgRv39Ll4NUFew,ChIJyRb7_u-n9YgRaFRK94xpvAo,1 hour 22 mins,4911,21.8 mi,35156
ChIJ5VSw0v0L9YgRdnV5KvlCkU4,ChIJyRb7_u-n9YgRaFRK94xpvAo,1 hour 13 mins,4402,18.6 mi,29913
ChIJAWjrSl0J9YgRfFULx4fdPSQ,ChIJyRb7_u-n9YgRaFRK94xpvAo,1 hour 19 mins,4766,18.0 mi,28943
ChIJeZJU2EkJ9YgR1M7M-U8xY6w,ChIJyRb7_u-n9YgRaFRK94xpvAo,1 hour 19 mins,4748,20.8 mi,33548
ChIJoVlTAmcJ9YgRft5HtYYZorg,ChIJyRb7_u-n9YgRaFRK94xpvAo,1 hour 26 mins,5189,18.4 mi,29539
ChIJp_WX2VkJ9YgRBAFXOxGuyCU,ChIJyRb7_u-n9YgRaFRK94xpvAo,1 hour 14 mins,4431,18.7 mi,30043
ChIJr5oVUWcJ9YgRUO8prauTa7c,ChIJyRb7_u-n9YgRaFRK94xpvAo,1 hour 26 mins,5137,18.4 mi,29547
ChIJU1kUKVoJ9YgRFjLHgcL2NC0,ChIJyRb7_u-n9YgRaFRK94xpvAo,1 hour 19 mins,4724,18.0 mi,29017
ChIJwfS7WF4J9YgRJ9YBhGGq7M0,ChIJyRb7_u-n9YgRaFRK94xpvAo,1 hour 21 mins,4884,18.2 mi,29224
ChIJKyvwaJAF9YgR07y8PAE_AOw,ChIJyRb7_u-n9YgRaFRK94xpvAo,1 hour 20 mins,4771,14.5 mi,23384
ChIJvSNxi48F9YgRh7IMIzL7h-o,ChIJyRb7_u-n9YgRaFRK94xpvAo,1 hour 17 mins,4593,14.4 mi,23133
ChIJ4RpMvKP89IgRgpk_pl0R8vM,ChIJyRb7_u-n9YgRaFRK94xpvAo,1 hour 55 mins,6897,34.4 mi,55403
ChIJ5RtT5r389IgRHnUvDxkV9w4,ChIJyRb7_u-n9YgRaFRK94xpvAo,1 hour 38 mins,5871,34.1 mi,54849
ChIJbctwoA3j9IgR_GPiMx6F1U8,ChIJyRb7_u-n9YgRaFRK94xpvAo,1 hour 45 mins,6318,27.4 mi,44090
ChIJh3zVnsn89IgRAz3kZZRULOM,ChIJyRb7_u-n9YgRaFRK94xpvAo,1 hour 37 mins,5824,32.9 mi,52928
ChIJHZ1Ge7389IgRGBCEYvgprY0,ChIJyRb7_u-n9YgRaFRK94xpvAo,1 hour 41 mins,6068,34.3 mi,55136
ChIJo8Ve28z89IgRuJFuFgsjex4,ChIJyRb7_u-n9YgRaFRK94xpvAo,1 hour 47 mins,6416,27.9 mi,44980
ChIJP4oHjqT89IgR-XMJ6rQHyTY,ChIJyRb7_u-n9YgRaFRK94xpvAo,1 hour 49 mins,6526,34.1 mi,54909
ChIJpS6wX8f89IgRGY4hZDSMPvY,ChIJyRb7_u-n9YgRaFRK94xpvAo,1 hour 45 mins,6304,33.7 mi,54185
ChIJq8XsE5f89IgRluYrFLH7JNA,ChIJyRb7_u-n9YgRaFRK94xpvAo,1 hour 40 mins,5988,34.5 mi,55519
ChIJs5cJUrv89IgRhGY8XsUhEug,ChIJyRb7_u-n9YgRaFRK94xpvAo,1 hour 41 mins,6067,33.9 mi,54485
ChIJS9Wg0bz89IgRCAbK_v2l5iw,ChIJyRb7_u-n9YgRaFRK94xpvAo,1 hour 38 mins,5892,34.0 mi,54718
ChIJswUldbz89IgR6TnlbIZesX8,ChIJyRb7_u-n9YgRaFRK94xpvAo,1 hour 38 mins,5858,34.0 mi,54685
ChIJUWUlQLb89IgR8tmH-62SMFs,ChIJyRb7_u-n9YgRaFRK94xpvAo,1 hour 48 mins,6482,28.8 mi,46352
ChIJuZvjcqL89IgR6-uyCRy9nt0,ChIJyRb7_u-n9YgRaFRK94xpvAo,1 hour 48 mins,6474,34.9 mi,56225
ChIJW7EwNtDj9IgR0n1bxAKvAlQ,ChIJyRb7_u-n9YgRaFRK94xpvAo,1 hour 48 mins,6478,34.0 mi,54722
ChIJ0UVqTXgL9YgRchC-n5A1TqQ,ChIJyRb7_u-n9YgRaFRK94xpvAo,1 hour 30 mins,5385,22.5 mi,36239
ChIJ5XL2qm0L9YgR9GufSucWEMg,ChIJyRb7_u-n9YgRaFRK94xpvAo,1 hour 38 mins,5891,23.3 mi,37516
ChIJ8youYGwL9YgRaJaoJ_ejRCE,ChIJyRb7_u-n9YgRaFRK94xpvAo,NA,NA,NA,NA
ChIJA8IdZm8L9YgR60i1O8fafuM,ChIJyRb7_u-n9YgRaFRK94xpvAo,1 hour 35 mins,5724,23.6 mi,37922
ChIJAz1INHEM9YgRO2xAeYBfcXo,ChIJyRb7_u-n9YgRaFRK94xpvAo,1 hour 44 mins,6210,26.0 mi,41873
ChIJd8TkYocL9YgRbxVL8rvNdvA,ChIJyRb7_u-n9YgRaFRK94xpvAo,1 hour 39 mins,5933,25.3 mi,40705
ChIJeX4xrHAL9YgRKXh8p0XjNWM,ChIJyRb7_u-n9YgRaFRK94xpvAo,1 hour 33 mins,5568,22.6 mi,36353
ChIJl8a2IHYM9YgRYPWCzIgNmsw,ChIJyRb7_u-n9YgRaFRK94xpvAo,1 hour 57 mins,7006,26.2 mi,42158
ChIJm7vwSmAL9YgRFv7nrQyjG-g,ChIJyRb7_u-n9YgRaFRK94xpvAo,1 hour 44 mins,6228,24.0 mi,38676
ChIJMenfvGoL9YgRbJjdfk98eCI,ChIJyRb7_u-n9YgRaFRK94xpvAo,1 hour 51 mins,6653,23.9 mi,38490
ChIJMXC-y38L9YgRwXgzLM2MNrA,ChIJyRb7_u-n9YgRaFRK94xpvAo,1 hour 42 mins,6090,25.0 mi,40188
ChIJmxS1IngM9YgR2ZlOGH1cMds,ChIJyRb7_u-n9YgRaFRK94xpvAo,1 hour 40 mins,5970,25.6 mi,41227
ChIJs_-MPmUL9YgRWMad6c7NQcc,ChIJyRb7_u-n9YgRaFRK94xpvAo,1 hour 30 mins,5421,23.3 mi,37538
ChIJSZ3PfUEL9YgRHLgVRR92cr8,ChIJyRb7_u-n9YgRaFRK94xpvAo,2 hours 10 mins,7815,25.1 mi,40327
ChIJVfSkWWIL9YgRatAE6NkCrWo,ChIJyRb7_u-n9YgRaFRK94xpvAo,1 hour 33 mins,5586,24.0 mi,38640
ChIJV-l3mnsM9YgR0r-AV43yiPQ,ChIJyRb7_u-n9YgRaFRK94xpvAo,1 hour 48 mins,6458,25.8 mi,41593
ChIJXxYvGX4L9YgR6Z95zJAbmuU,ChIJyRb7_u-n9YgRaFRK94xpvAo,1 hour 41 mins,6042,24.7 mi,39791
ChIJs5lzwHMD9YgRvjxGQfQMbwg,ChIJyRb7_u-n9YgRaFRK94xpvAo,1 hour 21 mins,4853,20.1 mi,32349
ChIJ82tH5-b99IgRv-hORZV9PGs,ChIJyRb7_u-n9YgRaFRK94xpvAo,2 hours 0 mins,7193,33.6 mi,54066
ChIJBS_0n_399IgR84_T5coBSIo,ChIJyRb7_u-n9YgRaFRK94xpvAo,1 hour 48 mins,6471,23.5 mi,37810
ChIJC6d5rpgC9YgRK9K-LSENKZo,ChIJyRb7_u-n9YgRaFRK94xpvAo,1 hour 41 mins,6054,24.3 mi,39179
ChIJcXSknJ8C9YgR4Ef_DMejZ60,ChIJyRb7_u-n9YgRaFRK94xpvAo,1 hour 46 mins,6377,22.3 mi,35900
ChIJD1GxQXv99IgRp0nkX3i76GQ,ChIJyRb7_u-n9YgRaFRK94xpvAo,1 hour 41 mins,6068,22.6 mi,36352
ChIJdZxx5ngC9YgRSGBkI6Zq_Yo,ChIJyRb7_u-n9YgRaFRK94xpvAo,1 hour 36 mins,5765,24.0 mi,38624
ChIJh_Eywm799IgR3qN_J95sk9g,ChIJyRb7_u-n9YgRaFRK94xpvAo,1 hour 44 mins,6238,22.9 mi,36919
ChIJiadlgWIC9YgRyrJT48u4J7U,ChIJyRb7_u-n9YgRaFRK94xpvAo,1 hour 29 mins,5366,23.1 mi,37239
ChIJiz4TV58C9YgR6WoD0jfL1WM,ChIJyRb7_u-n9YgRaFRK94xpvAo,1 hour 42 mins,6145,24.4 mi,39312
ChIJL1xbVHwC9YgRjeSPMfX9l4s,ChIJyRb7_u-n9YgRaFRK94xpvAo,1 hour 29 mins,5334,23.3 mi,37424
ChIJ--PGtBEC9YgRtZi3xJ6O2yU,ChIJyRb7_u-n9YgRaFRK94xpvAo,1 hour 42 mins,6134,21.4 mi,34377
ChIJQXUTnrT99IgRicRotojE1C4,ChIJyRb7_u-n9YgRaFRK94xpvAo,1 hour 59 mins,7154,32.1 mi,51730
ChIJrZf-ZncC9YgRLI-WAi-mx3c,ChIJyRb7_u-n9YgRaFRK94xpvAo,1 hour 41 mins,6068,24.2 mi,39006
ChIJscTW044C9YgRNTyWk6T9V1A,ChIJyRb7_u-n9YgRaFRK94xpvAo,1 hour 44 mins,6226,24.4 mi,39271
ChIJu2mtXxIC9YgR53UJRqgrNpY,ChIJyRb7_u-n9YgRaFRK94xpvAo,1 hour 47 mins,6441,21.6 mi,34793
ChIJvaTmIcf99IgRKSj9l0BbyQg,ChIJyRb7_u-n9YgRaFRK94xpvAo,1 hour 40 mins,6017,32.1 mi,51580
ChIJy5R9LRsB9YgRDFcM3lFvTmw,ChIJyRb7_u-n9YgRaFRK94xpvAo,1 hour 42 mins,6144,21.4 mi,34393
ChIJy5XMsnkC9YgRb22B4jSMACg,ChIJyRb7_u-n9YgRaFRK94xpvAo,1 hour 36 mins,5772,24.0 mi,38635
ChIJy5XMsnkC9YgRMxGYsd5v-94,ChIJyRb7_u-n9YgRaFRK94xpvAo,1 hour 38 mins,5878,24.1 mi,38786
ChIJYVCfW4UC9YgRbae5wjMM7xM,ChIJyRb7_u-n9YgRaFRK94xpvAo,1 hour 33 mins,5599,21.1 mi,33936
ChIJ0eAiI4oF9YgRzXGW-ileg3k,ChIJyRb7_u-n9YgRaFRK94xpvAo,1 hour 18 mins,4670,14.2 mi,22925
ChIJ0ZYo9vQF9YgRnxY5lr8OUhw,ChIJyRb7_u-n9YgRaFRK94xpvAo,1 hour 8 mins,4054,13.5 mi,21774
ChIJ1TvbT_IF9YgRelOuN46i7Pc,ChIJyRb7_u-n9YgRaFRK94xpvAo,1 hour 10 mins,4198,15.1 mi,24375
ChIJ3VHsz_IF9YgRrIk0aorNkO0,ChIJyRb7_u-n9YgRaFRK94xpvAo,1 hour 12 mins,4326,15.3 mi,24573
ChIJ6evD3o4F9YgRguQGGmvIepQ,ChIJyRb7_u-n9YgRaFRK94xpvAo,1 hour 14 mins,4464,14.1 mi,22772
ChIJ8ZE48o0F9YgRnbA-mlAwPKE,ChIJyRb7_u-n9YgRaFRK94xpvAo,1 hour 14 mins,4410,14.2 mi,22905
ChIJBTuroOcF9YgR8_Et3TgaeoE,ChIJyRb7_u-n9YgRaFRK94xpvAo,49 mins,2951,9.1 mi,14631
ChIJE-U2EIkF9YgREEP6gYxczsU,ChIJyRb7_u-n9YgRaFRK94xpvAo,1 hour 19 mins,4713,14.4 mi,23095
ChIJgwXXNFgP9YgRGuNe7c86TPI,ChIJyRb7_u-n9YgRaFRK94xpvAo,54 mins,3240,11.5 mi,18552
ChIJlS2RUYwF9YgRbYUv_wqnsTc,ChIJyRb7_u-n9YgRaFRK94xpvAo,1 hour 11 mins,4274,13.9 mi,22415
ChIJM2OqHV8P9YgRcyyN2094emY,ChIJyRb7_u-n9YgRaFRK94xpvAo,57 mins,3429,11.6 mi,18745
ChIJM-P4wV8P9YgRfGD4S3thE1c,ChIJyRb7_u-n9YgRaFRK94xpvAo,1 hour 11 mins,4230,15.8 mi,25454
ChIJn8QQxecF9YgRVMRYiH6yPOg,ChIJyRb7_u-n9YgRaFRK94xpvAo,48 mins,2883,9.0 mi,14542
ChIJp2dJv_MF9YgRGz4wGK8vpTM,ChIJyRb7_u-n9YgRaFRK94xpvAo,1 hour 12 mins,4302,13.7 mi,22025
ChIJQ7ciaVkP9YgRHKDmLcajAsA,ChIJyRb7_u-n9YgRaFRK94xpvAo,57 mins,3423,11.7 mi,18772
ChIJSSvHx_UF9YgRzYa4eSjKZ54,ChIJyRb7_u-n9YgRaFRK94xpvAo,1 hour 10 mins,4202,15.7 mi,25274
ChIJVVVVVYUF9YgRvn7odjRhslI,ChIJyRb7_u-n9YgRaFRK94xpvAo,1 hour 10 mins,4172,15.2 mi,24384
ChIJ_1HFSkME9YgRA1Jk2QZfwdQ,ChIJyRb7_u-n9YgRaFRK94xpvAo,1 hour 2 mins,3703,17.2 mi,27723
ChIJ_5DkQkME9YgRMlYMdsZqQE4,ChIJyRb7_u-n9YgRaFRK94xpvAo,1 hour 3 mins,3784,17.3 mi,27848
ChIJ2RezYGgE9YgRjvvjTRTgoVM,ChIJyRb7_u-n9YgRaFRK94xpvAo,1 hour 2 mins,3706,17.3 mi,27807
ChIJ7ZJkxkQE9YgRg7hz32LB2uw,ChIJyRb7_u-n9YgRaFRK94xpvAo,59 mins,3548,16.6 mi,26757
ChIJb7gZJ10E9YgRIweyPf6bwtg,ChIJyRb7_u-n9YgRaFRK94xpvAo,59 mins,3515,17.1 mi,27512
ChIJf8HolFwE9YgRI7_Vef1MlSA,ChIJyRb7_u-n9YgRaFRK94xpvAo,1 hour 0 mins,3615,16.7 mi,26822
ChIJkTO--VoE9YgRIErGfY5pnDY,ChIJyRb7_u-n9YgRaFRK94xpvAo,57 mins,3396,12.1 mi,19509
ChIJkWbdQ0IE9YgRzj_x_EiLc3Y,ChIJyRb7_u-n9YgRaFRK94xpvAo,1 hour 1 min,3655,17.2 mi,27645
ChIJUREhHEQE9YgRnUJMRK4AmGM,ChIJyRb7_u-n9YgRaFRK94xpvAo,1 hour 5 mins,3886,16.9 mi,27163
ChIJ4RVqP8QO9YgRcgmc-_Iaeg0,ChIJyRb7_u-n9YgRaFRK94xpvAo,1 hour 23 mins,4981,17.4 mi,27979
ChIJAeHJRZUO9YgRzZpxaK1-OuQ,ChIJyRb7_u-n9YgRaFRK94xpvAo,1 hour 41 mins,6062,16.4 mi,26360
ChIJbxMsEukO9YgRfDD8sdFJi_s,ChIJyRb7_u-n9YgRaFRK94xpvAo,1 hour 35 mins,5688,15.8 mi,25498
ChIJi3xrf54O9YgREHk0J369Bfc,ChIJyRb7_u-n9YgRaFRK94xpvAo,1 hour 42 mins,6134,20.4 mi,32754
ChIJidkAVLEO9YgR5KYr_s0igHw,ChIJyRb7_u-n9YgRaFRK94xpvAo,1 hour 27 mins,5201,18.3 mi,29375
ChIJmV1KlJYO9YgRgsz4dnRceJ4,ChIJyRb7_u-n9YgRaFRK94xpvAo,1 hour 38 mins,5896,16.6 mi,26660
ChIJSxGFEekO9YgRJ2nrk__4OfQ,ChIJyRb7_u-n9YgRaFRK94xpvAo,1 hour 40 mins,6021,16.1 mi,25923
ChIJWQFY_JUO9YgRjUyIq7cOLqA,ChIJyRb7_u-n9YgRaFRK94xpvAo,1 hour 42 mins,6129,16.7 mi,26867
ChIJXzImruwO9YgRxezeHPTSxk0,ChIJyRb7_u-n9YgRaFRK94xpvAo,1 hour 38 mins,5874,16.2 mi,26094
ChIJ692p84Og9YgRW0AIZXn5pzE,ChIJyRb7_u-n9YgRaFRK94xpvAo,NA,NA,NA,NA
ChIJ9wxEw8Cg9YgRwX8FiRjWYrY,ChIJyRb7_u-n9YgRaFRK94xpvAo,2 hours 10 mins,7800,15.2 mi,24511
ChIJa0ac3Lig9YgRTu3X_8T53us,ChIJyRb7_u-n9YgRaFRK94xpvAo,1 hour 46 mins,6375,17.5 mi,28091
ChIJF911laqg9YgRS9Z5tLHtO_U,ChIJyRb7_u-n9YgRaFRK94xpvAo,1 hour 19 mins,4767,15.4 mi,24861
ChIJgXMcebig9YgRIDve4EIG7Bg,ChIJyRb7_u-n9YgRaFRK94xpvAo,1 hour 42 mins,6119,17.1 mi,27469
ChIJi7SjZ7mg9YgRvYj3t1NUgkU,ChIJyRb7_u-n9YgRaFRK94xpvAo,1 hour 45 mins,6289,17.2 mi,27715
ChIJK_YEhFOn9YgRGSOHINrnMH4,ChIJyRb7_u-n9YgRaFRK94xpvAo,1 hour 9 mins,4117,9.6 mi,15439
ChIJLUtIvLyg9YgROaAob6JVE1s,ChIJyRb7_u-n9YgRaFRK94xpvAo,1 hour 50 mins,6572,17.4 mi,28042
ChIJm1tWjrug9YgRrQ3aa6B2Hyw,ChIJyRb7_u-n9YgRaFRK94xpvAo,1 hour 47 mins,6395,17.3 mi,27794
ChIJMVMz3big9YgRlEOr9GZnl9o,ChIJyRb7_u-n9YgRaFRK94xpvAo,1 hour 45 mins,6329,17.4 mi,28012
ChIJU2yW6wcK9YgRdnibAJHW2cI,ChIJyRb7_u-n9YgRaFRK94xpvAo,1 hour 23 mins,4968,16.1 mi,25834
ChIJUdfTB1en9YgRkJQdHPQyuLw,ChIJyRb7_u-n9YgRaFRK94xpvAo,1 hour 10 mins,4190,9.2 mi,14822
ChIJwUKrlP8J9YgRNgQ5B5LOwLg,ChIJyRb7_u-n9YgRaFRK94xpvAo,1 hour 17 mins,4619,15.3 mi,24656
ChIJwwFCeLug9YgR0cIsuhrEKaE,ChIJyRb7_u-n9YgRaFRK94xpvAo,1 hour 47 mins,6404,17.3 mi,27808
ChIJX6ZqYvyg9YgRKYYveqZEaw4,ChIJyRb7_u-n9YgRaFRK94xpvAo,2 hours 6 mins,7575,18.5 mi,29735
ChIJY8HmTP4J9YgRw-jG7txOkJY,ChIJyRb7_u-n9YgRaFRK94xpvAo,1 hour 14 mins,4424,14.9 mi,24005
ChIJZ358igcK9YgRzxo7hNpQO7g,ChIJyRb7_u-n9YgRaFRK94xpvAo,1 hour 22 mins,4927,16.4 mi,26366
ChIJZa7dDFqn9YgRUAab3Ev45fg,ChIJyRb7_u-n9YgRaFRK94xpvAo,1 hour 5 mins,3919,9.0 mi,14422
ChIJjzSdA0QE9YgR8PHIr1MBpkk,ChIJyRb7_u-n9YgRaFRK94xpvAo,1 hour 5 mins,3886,16.9 mi,27163
ChIJV_2MckQE9YgR46esP7GRODI,ChIJyRb7_u-n9YgRaFRK94xpvAo,1 hour 3 mins,3795,16.8 mi,27050
ChIJzUiwA0QE9YgRFbnchN_sxK4,ChIJyRb7_u-n9YgRaFRK94xpvAo,1 hour 5 mins,3887,16.9 mi,27164
ChIJ3biW0fYE9YgRBsd25okY704,ChIJyRb7_u-n9YgRaFRK94xpvAo,1 hour 14 mins,4430,17.3 mi,27823
ChIJ-3Q2w_YE9YgRf-T7bCPojBY,ChIJyRb7_u-n9YgRaFRK94xpvAo,1 hour 25 mins,5085,18.6 mi,29975
ChIJ-3Q2w_YE9YgRFzMRIM4dZC8,ChIJyRb7_u-n9YgRaFRK94xpvAo,1 hour 25 mins,5085,18.6 mi,29975
ChIJ5RH3C1UE9YgRhduKthWGgNM,ChIJyRb7_u-n9YgRaFRK94xpvAo,1 hour 13 mins,4394,17.8 mi,28589
ChIJ6dBPmvcE9YgRAAxJdhveluU,ChIJyRb7_u-n9YgRaFRK94xpvAo,1 hour 10 mins,4179,17.1 mi,27467
ChIJ942ZDvgE9YgRozOnp-eqV9Q,ChIJyRb7_u-n9YgRaFRK94xpvAo,1 hour 12 mins,4322,17.2 mi,27643
ChIJBXi2F_cE9YgRZNPaHf1gPG4,ChIJyRb7_u-n9YgRaFRK94xpvAo,1 hour 15 mins,4487,17.3 mi,27892
ChIJc4omr1YE9YgRtTfIlRIZ5H0,ChIJyRb7_u-n9YgRaFRK94xpvAo,1 hour 9 mins,4162,17.0 mi,27411
ChIJDZ38e_sE9YgR0QH7dFkEEvo,ChIJyRb7_u-n9YgRaFRK94xpvAo,1 hour 35 mins,5720,14.5 mi,23339
ChIJL2Qf0PkE9YgRNEnPBEeouCQ,ChIJyRb7_u-n9YgRaFRK94xpvAo,1 hour 10 mins,4186,17.1 mi,27477
ChIJm-KmAvgE9YgReNDsoxuduOs,ChIJyRb7_u-n9YgRaFRK94xpvAo,1 hour 11 mins,4244,17.1 mi,27540
ChIJO8BDbfEE9YgR2OBtxmMIlfk,ChIJyRb7_u-n9YgRaFRK94xpvAo,1 hour 18 mins,4691,17.5 mi,28169
ChIJoWA6-PcE9YgRSTg2QoMPHa0,ChIJyRb7_u-n9YgRaFRK94xpvAo,1 hour 11 mins,4244,17.1 mi,27540
ChIJq6Ynm_oE9YgRLUG5M_9EUxM,ChIJyRb7_u-n9YgRaFRK94xpvAo,1 hour 23 mins,4957,17.7 mi,28535
ChIJRQKixesE9YgRmyOVfTSC1Ug,ChIJyRb7_u-n9YgRaFRK94xpvAo,1 hour 21 mins,4836,19.2 mi,30925
ChIJSTzX81wE9YgROjXNgo9VbIY,ChIJyRb7_u-n9YgRaFRK94xpvAo,1 hour 1 min,3636,16.7 mi,26857
ChIJt_Wv5_YE9YgRu2vf1QDfFNw,ChIJyRb7_u-n9YgRaFRK94xpvAo,1 hour 15 mins,4477,17.3 mi,27902
ChIJt16xNO0E9YgRzJV1EFJkYSQ,ChIJyRb7_u-n9YgRaFRK94xpvAo,1 hour 13 mins,4362,18.2 mi,29327
ChIJTUPv4_gE9YgRGJ8y-ogDFiM,ChIJyRb7_u-n9YgRaFRK94xpvAo,1 hour 18 mins,4688,18.0 mi,28896
ChIJ-UiZ_FoE9YgRsZQBQkBCwSg,ChIJyRb7_u-n9YgRaFRK94xpvAo,57 mins,3396,12.1 mi,19509
ChIJV_7JTvsE9YgRQ5VRJ7UHQWE,ChIJyRb7_u-n9YgRaFRK94xpvAo,1 hour 34 mins,5665,14.5 mi,23283
ChIJf7igbDAb9YgRifmscRigC1M,ChIJyRb7_u-n9YgRaFRK94xpvAo,1 hour 35 mins,5683,19.0 mi,30528
ChIJfy6o9AQb9YgR-wyrj7Aexv0,ChIJyRb7_u-n9YgRaFRK94xpvAo,1 hour 36 mins,5733,22.5 mi,36201
ChIJMcR7Ejob9YgRaYuSVxJa2hA,ChIJyRb7_u-n9YgRaFRK94xpvAo,1 hour 41 mins,6057,19.3 mi,31012
ChIJQ6RSBw4b9YgRHuUpmjNW_kc,ChIJyRb7_u-n9YgRaFRK94xpvAo,1 hour 37 mins,5815,22.0 mi,35354
ChIJaRv9FZUE9YgRAnHBgrNMZKo,ChIJyRb7_u-n9YgRaFRK94xpvAo,1 hour 23 mins,4985,18.9 mi,30460
ChIJc7zVnowE9YgRjx4A4Enest0,ChIJyRb7_u-n9YgRaFRK94xpvAo,1 hour 16 mins,4556,18.2 mi,29225
ChIJCyM6FOwE9YgR3QDISY5DIRw,ChIJyRb7_u-n9YgRaFRK94xpvAo,1 hour 18 mins,4673,18.9 mi,30489
ChIJd9xbE5UE9YgRdxre_qZvSkg,ChIJyRb7_u-n9YgRaFRK94xpvAo,1 hour 27 mins,5247,16.1 mi,25922
ChIJdUSsCuwE9YgRnbOxGoNw8sc,ChIJyRb7_u-n9YgRaFRK94xpvAo,1 hour 17 mins,4639,18.9 mi,30454
ChIJQ-icamgE9YgRsNHwJbuQkig,ChIJyRb7_u-n9YgRaFRK94xpvAo,1 hour 17 mins,4618,18.5 mi,29769
ChIJUdzH78ME9YgRUROZ5CwZ-Zg,ChIJyRb7_u-n9YgRaFRK94xpvAo,1 hour 41 mins,6055,17.4 mi,28045
ChIJWy2UP5ME9YgRNPGMD2y6vFE,ChIJyRb7_u-n9YgRaFRK94xpvAo,1 hour 18 mins,4693,18.7 mi,30120
ChIJ80RkmacY9YgRdfMlOEFMdn8,ChIJyRb7_u-n9YgRaFRK94xpvAo,2 hours 14 mins,8021,28.4 mi,45768
ChIJHbEguAMi9YgREMcxD9fw2rw,ChIJyRb7_u-n9YgRaFRK94xpvAo,2 hours 11 mins,7886,35.2 mi,56619
ChIJKeQEFSwZ9YgRpB09hUPAeH0,ChIJyRb7_u-n9YgRaFRK94xpvAo,1 hour 45 mins,6296,26.3 mi,42343
ChIJwVBti9cY9YgRrKc_9Iw9bM8,ChIJyRb7_u-n9YgRaFRK94xpvAo,1 hour 47 mins,6393,26.4 mi,42476
ChIJxUfvF98Y9YgRdOf7id5f6Y8,ChIJyRb7_u-n9YgRaFRK94xpvAo,2 hours 19 mins,8360,30.0 mi,48347
ChIJ5atouDX89IgRdNO7oMkpUGk,ChIJyRb7_u-n9YgRaFRK94xpvAo,1 hour 52 mins,6697,31.9 mi,51324
ChIJi7X1vYQC9YgRKehbbMMejoo,ChIJyRb7_u-n9YgRaFRK94xpvAo,1 hour 37 mins,5795,21.5 mi,34579
ChIJiSBANUr89IgRRkfhV4Xf0Qs,ChIJyRb7_u-n9YgRaFRK94xpvAo,1 hour 52 mins,6696,31.8 mi,51109
ChIJJe6GDNv99IgRJnRjzmBXabA,ChIJyRb7_u-n9YgRaFRK94xpvAo,1 hour 42 mins,6125,32.8 mi,52713
ChIJjZXMsnkC9YgRqpB_JvieGDw,ChIJyRb7_u-n9YgRaFRK94xpvAo,1 hour 38 mins,5878,24.1 mi,38786
ChIJnRF9234C9YgRpHeUKuIBMvo,ChIJyRb7_u-n9YgRaFRK94xpvAo,1 hour 34 mins,5618,23.9 mi,38437
ChIJo2IJeqsD9YgRnzbqJ6ibSR0,ChIJyRb7_u-n9YgRaFRK94xpvAo,1 hour 44 mins,6216,18.8 mi,30227
ChIJvVmED-YD9YgRORypGISV8nI,ChIJyRb7_u-n9YgRaFRK94xpvAo,1 hour 31 mins,5474,14.9 mi,23988
ChIJ35uhTAkd9YgRtWgshF3hTC4,ChIJyRb7_u-n9YgRaFRK94xpvAo,1 hour 26 mins,5132,21.1 mi,33949
ChIJ55XD8uAd9YgRS9cPbCy9osU,ChIJyRb7_u-n9YgRaFRK94xpvAo,2 hours 3 mins,7368,29.6 mi,47600
ChIJFYXhNfbh9IgRZcaD6R-rMoI,ChIJyRb7_u-n9YgRaFRK94xpvAo,2 hours 0 mins,7172,34.5 mi,55500
ChIJMzkcAxPi9IgR74-TfNnw3fE,ChIJyRb7_u-n9YgRaFRK94xpvAo,1 hour 42 mins,6126,28.4 mi,45730
ChIJTd-uAxEd9YgRcZx_OlyeWv8,ChIJyRb7_u-n9YgRaFRK94xpvAo,1 hour 30 mins,5376,20.9 mi,33607
ChIJy0PIAhHi9IgRGsQR23vzmVo,ChIJyRb7_u-n9YgRaFRK94xpvAo,1 hour 44 mins,6210,28.7 mi,46158
